TimeStamp,Tag Name,ABB_X,ABB_Y,ABB_Z,Champer_Temp,Chamber_Pressure,Main_Gas_Flow ,PF1_Gas_Flow ,PF2_Gas_Flow ,PF1_LibraWeight,PF2_LibraWeight,PF1_Pressure,PF2_Pressure
20241203T9:40:50.000,calc:Coldspray_data_,-759.91,-2189.57,1380.01,47,1.006,547,296.8,0,62.26,62.7,1.5,0.002
20241203T9:41:00.000,calc:Coldspray_data_,-759.91,-2189.57,1380.01,47,1.001,540,299.2,0,62.26,62.7,1.5,0.002
20241203T9:41:10.000,calc:Coldspray_data_,-759.91,-2189.57,1380.01,47,1.001,558,298.3,0,62.26,62.7,1.495,0.002
20241203T9:41:20.000,calc:Coldspray_data_,-759.91,-2189.57,1380.01,47,1.001,535,301.6,0,62.26,62.7,1.502,0.002
20241203T9:41:30.000,calc:Coldspray_data_,-759.91,-2189.57,1380.01,47,1.001,535,301.9,0,62.26,62.7,1.497,0.002
20241203T9:41:40.000,calc:Coldspray_data_,-759.91,-2189.57,1380.01,47,1.001,544,301.1,0,62.26,62.7,1.5,0.002
20241203T9:41:50.000,calc:Coldspray_data_,-759.91,-2189.57,1380.01,47,1.001,542,298,0,62.26,62.7,1.5,0.002
20241203T9:42:00.000,calc:Coldspray_data_,-759.91,-2189.57,1380.01,47,1.001,540,299.8,0,62.26,62.7,1.5,0.002
20241203T9:42:10.000,calc:Coldspray_data_,-759.91,-2189.57,1380.01,47,1.001,534,302.8,0,62.26,62.7,1.5,0.002
20241203T9:42:20.000,calc:Coldspray_data_,-759.91,-2189.57,1380.01,47,1.001,552,300.2,0,62.26,62.7,1.5,0.002
20241203T9:42:30.000,calc:Coldspray_data_,-759.91,-2189.57,1380.01,47,1.001,542,299.2,0,62.26,62.7,1.5,0.002
20241203T9:42:40.000,calc:Coldspray_data_,-759.91,-2189.57,1380.01,47,1.001,528,298.3,0,62.26,62.7,1.5,0.002
20241203T9:42:50.000,calc:Coldspray_data_,-759.91,-2189.57,1380.01,47,1.001,534,299.4,0,62.26,62.7,1.5,0.002
20241203T9:43:00.000,calc:Coldspray_data_,-759.91,-2189.57,1380.01,47,0.999,537,300.6,0,62.26,62.7,1.495,0.002
20241203T9:43:10.000,calc:Coldspray_data_,-759.91,-2189.57,1380.01,47,1.001,535,301.8,0,62.26,62.7,1.5,0.002
20241203T9:43:20.000,calc:Coldspray_data_,-759.91,-2189.57,1380.01,47,1.001,535,299.5,0,62.26,62.7,1.502,0.002
20241203T9:43:30.000,calc:Coldspray_data_,-759.91,-2189.57,1380.01,47,1.001,547,296.8,0,62.26,62.7,1.502,0.002
20241203T9:43:40.000,calc:Coldspray_data_,-759.91,-2189.57,1380.01,47,1.001,535,299.2,0,62.26,62.7,1.502,0.002
20241203T9:43:50.000,calc:Coldspray_data_,-759.91,-2189.57,1380.01,47,1.001,532,304,0,62.26,62.7,1.502,0.002
20241203T9:44:00.000,calc:Coldspray_data_,-759.91,-2189.57,1380.01,47,1.001,528,296.6,0,62.26,62.7,1.497,0.002
20241203T9:44:10.000,calc:Coldspray_data_,-759.91,-2189.57,1380.01,47,0.999,535,298.7,0,62.26,62.7,1.497,0.002
20241203T9:44:20.000,calc:Coldspray_data_,-759.91,-2189.57,1380.01,47,1.001,546,298.2,0,62.26,62.7,1.502,0.002
20241203T9:44:30.000,calc:Coldspray_data_,-759.91,-2189.57,1380.01,47,1.001,544,302.2,0,62.26,62.7,1.5,0.002
20241203T9:44:40.000,calc:Coldspray_data_,-759.91,-2189.57,1380.01,47,0.999,535,299.2,0,62.26,62.7,1.497,0.002
20241203T9:44:50.000,calc:Coldspray_data_,-759.91,-2189.57,1380.01,47,0.996,540,297.5,0,62.26,62.7,1.495,0.002
20241203T9:45:00.000,calc:Coldspray_data_,-759.91,-2189.57,1380.01,47,0.996,539,299.5,0,62.26,62.7,1.495,0.002
20241203T9:45:10.000,calc:Coldspray_data_,-759.91,-2189.57,1380.01,47,0.996,534,296.2,0,62.26,62.7,1.495,0.002
20241203T9:45:20.000,calc:Coldspray_data_,-759.91,-2189.57,1380.01,47,0.996,530,297.5,0,62.26,62.7,1.497,0.002
20241203T9:45:21.000,calc:Coldspray_data_,-759.91,-2189.57,1380.01,47,0.996,527,298.3,0,62.26,62.7,1.497,0.002
20241203T9:45:22.000,calc:Coldspray_data_,-759.91,-2189.57,1380.01,47,0.996,527,299,0,62.26,62.7,1.497,0.002
20241203T9:45:23.000,calc:Coldspray_data_,-759.91,-2189.57,1380.01,47,0.996,525,299.8,0,62.26,62.7,1.497,0.002
20241203T9:45:24.000,calc:Coldspray_data_,-759.91,-2189.57,1380.01,47,0.996,525,299.9,0,62.26,62.7,1.497,0.002
20241203T9:45:25.000,calc:Coldspray_data_,-759.91,-2189.57,1380.01,47,0.996,525,301.1,0,62.26,62.7,1.497,0.002
20241203T9:45:26.000,calc:Coldspray_data_,-759.91,-2189.57,1380.01,47,0.996,528,299.9,0,62.26,62.7,1.497,0.002
20241203T9:45:27.000,calc:Coldspray_data_,-759.91,-2189.57,1380.01,47,0.996,530,299.9,0,62.26,62.7,1.497,0.002
20241203T9:45:28.000,calc:Coldspray_data_,-759.91,-2189.57,1380.01,47,0.996,532,301,0,62.26,62.7,1.497,0.002
20241203T9:45:29.000,calc:Coldspray_data_,-759.91,-2189.57,1380.01,47,0.996,534,300.4,0,62.26,62.7,1.497,0.002
20241203T9:45:30.000,calc:Coldspray_data_,-759.91,-2189.57,1380.01,47,0.996,537,299.8,0,62.26,62.7,1.497,0.002
20241203T9:45:31.000,calc:Coldspray_data_,-759.91,-2189.57,1380.01,47,0.996,535,300.7,0,62.26,62.7,1.497,0.002
20241203T9:45:32.000,calc:Coldspray_data_,-759.91,-2189.57,1380.01,47,0.996,535,300.2,0,62.26,62.7,1.497,0.002
20241203T9:45:33.000,calc:Coldspray_data_,-759.91,-2189.57,1380.01,47,0.996,535,299.9,0,62.26,62.7,1.497,0.002
20241203T9:45:34.000,calc:Coldspray_data_,-759.91,-2189.57,1380.01,47,0.996,534,300.6,0,62.26,62.7,1.495,0.002
20241203T9:45:35.000,calc:Coldspray_data_,-759.91,-2189.57,1380.01,47,0.996,534,299.2,0,62.26,62.7,1.497,0.002
20241203T9:45:36.000,calc:Coldspray_data_,-759.91,-2189.57,1380.01,47,0.996,532,300.7,0,62.26,62.7,1.495,0.002
20241203T9:45:37.000,calc:Coldspray_data_,-759.91,-2189.57,1380.01,47,0.996,535,301.4,0,62.26,62.7,1.495,0.002
20241203T9:45:38.000,calc:Coldspray_data_,-759.91,-2189.57,1380.01,47,0.996,535,302.2,0,62.26,62.7,1.495,0.002
20241203T9:45:39.000,calc:Coldspray_data_,-759.91,-2189.57,1380.01,47,0.996,530,301.6,0,62.26,62.7,1.497,0.002
20241203T9:45:40.000,calc:Coldspray_data_,-759.91,-2189.57,1380.01,47,0.996,534,301.1,0,62.26,62.7,1.495,0.002
20241203T9:45:41.000,calc:Coldspray_data_,-759.91,-2189.57,1380.01,47,0.996,534,298.6,0,62.26,62.7,1.497,0.002
20241203T9:45:42.000,calc:Coldspray_data_,-759.91,-2189.57,1380.01,47,0.996,535,297.4,0,62.26,62.7,1.495,0.002
20241203T9:45:43.000,calc:Coldspray_data_,-759.91,-2189.57,1380.01,47,0.996,534,299.5,0,62.26,62.7,1.497,0.002
20241203T9:45:44.000,calc:Coldspray_data_,-759.91,-2189.57,1380.01,47,0.996,534,299.9,0,62.26,62.7,1.497,0.002
20241203T9:45:45.000,calc:Coldspray_data_,-759.91,-2189.57,1380.01,47,0.996,535,302.8,0,62.26,62.7,1.495,0.002
20241203T9:45:46.000,calc:Coldspray_data_,-759.91,-2189.57,1380.01,47,0.996,535,300.4,0,62.26,62.7,1.497,0.002
20241203T9:45:47.000,calc:Coldspray_data_,-759.91,-2189.57,1380.01,47,0.999,532,300.4,0,62.26,62.7,1.497,0.002
20241203T9:45:48.000,calc:Coldspray_data_,-759.91,-2189.57,1380.01,47,0.999,534,299.5,0,62.26,62.7,1.497,0.002
20241203T9:45:49.000,calc:Coldspray_data_,-759.91,-2189.57,1380.01,47,0.999,532,298.6,0,62.26,62.7,1.497,0.002
20241203T9:45:50.000,calc:Coldspray_data_,-759.91,-2189.57,1380.01,47,0.999,534,299.2,0,62.26,62.7,1.497,0.002
20241203T9:45:51.000,calc:Coldspray_data_,-759.91,-2189.57,1380.01,47,0.999,535,297.5,0,62.26,62.7,1.497,0.002
20241203T9:45:52.000,calc:Coldspray_data_,-759.91,-2189.57,1380.01,47,0.999,535,299.4,0,62.26,62.7,1.497,0.002
20241203T9:45:53.000,calc:Coldspray_data_,-759.91,-2189.57,1380.01,47,0.999,539,301,0,62.26,62.7,1.497,0.002
20241203T9:45:54.000,calc:Coldspray_data_,-759.91,-2189.57,1380.01,47,0.999,534,302.4,0,62.26,62.7,1.497,0.002
20241203T9:45:55.000,calc:Coldspray_data_,-759.91,-2189.57,1380.01,47,0.999,535,301.4,0,62.26,62.7,1.497,0.002
20241203T9:45:56.000,calc:Coldspray_data_,-759.91,-2189.57,1380.01,47,0.999,537,300.6,0,62.26,62.7,1.497,0.002
20241203T9:45:57.000,calc:Coldspray_data_,-759.91,-2189.57,1380.01,47,0.999,539,300.7,0,62.26,62.7,1.497,0.002
20241203T9:45:58.000,calc:Coldspray_data_,-759.91,-2189.57,1380.01,47,0.999,539,299.8,0,62.26,62.7,1.497,0.002
20241203T9:45:59.000,calc:Coldspray_data_,-759.91,-2189.57,1380.01,47,0.999,535,299.8,0,62.26,62.7,1.497,0.002
20241203T9:46:00.000,calc:Coldspray_data_,-759.91,-2189.57,1380.01,47,0.999,539,301,0,62.26,62.7,1.497,0.002
20241203T9:46:01.000,calc:Coldspray_data_,-759.91,-2189.57,1380.01,47,0.999,537,303.2,0,62.26,62.7,1.497,0.002
20241203T9:46:02.000,calc:Coldspray_data_,-759.91,-2189.57,1380.01,47,0.999,537,303.8,0,62.26,62.7,1.497,0.002
20241203T9:46:03.000,calc:Coldspray_data_,-759.91,-2189.57,1380.01,47,0.999,534,301.4,0,62.26,62.7,1.497,0.002
20241203T9:46:04.000,calc:Coldspray_data_,-759.91,-2189.57,1380.01,47,0.999,535,301,0,62.26,62.7,1.497,0.002
20241203T9:46:05.000,calc:Coldspray_data_,-759.91,-2189.57,1380.01,47,0.999,530,299.8,0,62.26,62.7,1.497,0.002
20241203T9:46:06.000,calc:Coldspray_data_,-759.91,-2189.57,1380.01,47,1.001,535,298.7,0,62.26,62.7,1.497,0.002
20241203T9:46:07.000,calc:Coldspray_data_,-759.91,-2189.57,1380.01,47,0.999,534,299.2,0,62.26,62.7,1.497,0.002
20241203T9:46:08.000,calc:Coldspray_data_,-759.91,-2189.57,1380.01,47,0.999,535,298.6,0,62.26,62.7,1.497,0.002
20241203T9:46:09.000,calc:Coldspray_data_,-759.91,-2189.57,1380.01,47,0.999,532,300.7,0,62.26,62.7,1.497,0.002
20241203T9:46:10.000,calc:Coldspray_data_,-759.91,-2189.57,1380.01,47,0.999,527,302.8,0,62.26,62.7,1.497,0.002
20241203T9:46:11.000,calc:Coldspray_data_,-759.91,-2189.57,1380.01,47,0.999,523,298.3,0,62.26,62.7,1.497,0.002
20241203T9:46:12.000,calc:Coldspray_data_,-759.91,-2189.57,1380.01,47,0.999,520,299.4,0,62.26,62.7,1.497,0.002
20241203T9:46:13.000,calc:Coldspray_data_,-759.91,-2189.57,1380.01,47,0.999,518,300.6,0,62.26,62.7,1.497,0.002
20241203T9:46:14.000,calc:Coldspray_data_,-759.91,-2189.57,1380.01,47,1.001,518,298.2,0,62.26,62.7,1.497,0.002
20241203T9:46:15.000,calc:Coldspray_data_,-759.91,-2189.57,1380.01,47,0.999,523,299.8,0,62.26,62.7,1.497,0.002
20241203T9:46:16.000,calc:Coldspray_data_,-759.91,-2189.57,1380.01,47,0.999,523,300.6,0,62.26,62.7,1.497,0.002
20241203T9:46:17.000,calc:Coldspray_data_,-759.91,-2189.57,1380.01,47,0.999,518,299.8,0,62.26,62.7,1.497,0.002
20241203T9:46:18.000,calc:Coldspray_data_,-759.91,-2189.57,1380.01,47,0.999,520,303.4,0,62.26,62.7,1.497,0.002
20241203T9:46:19.000,calc:Coldspray_data_,-759.91,-2189.57,1380.01,47,0.999,523,303,0,62.26,62.7,1.497,0.002
20241203T9:46:20.000,calc:Coldspray_data_,-759.91,-2189.57,1380.01,47,1.001,523,300.4,0,62.26,62.7,1.497,0.002
20241203T9:46:21.000,calc:Coldspray_data_,-759.91,-2189.57,1380.01,47,0.999,518,299.9,0,62.26,62.7,1.497,0.002
20241203T9:46:22.000,calc:Coldspray_data_,-759.91,-2189.57,1380.01,47,0.999,516,298,0,62.26,62.7,1.495,0.002
20241203T9:46:23.000,calc:Coldspray_data_,-759.91,-2189.57,1380.01,47,0.999,516,297,0,62.26,62.7,1.492,0.002
20241203T9:46:24.000,calc:Coldspray_data_,-759.91,-2189.57,1380.01,47,0.999,516,294.7,0,62.26,62.7,1.49,0.002
20241203T9:46:25.000,calc:Coldspray_data_,-759.91,-2189.57,1380.01,47,0.999,523,297,0,62.26,62.7,1.49,0.002
20241203T9:46:26.000,calc:Coldspray_data_,-759.91,-2189.57,1380.01,47,0.999,525,299.4,0,62.26,62.7,1.492,0.002
20241203T9:46:27.000,calc:Coldspray_data_,-759.91,-2189.57,1380.01,47,0.999,532,298.2,0,62.26,62.7,1.492,0.002
20241203T9:46:28.000,calc:Coldspray_data_,-759.91,-2189.57,1380.01,47,0.999,530,299,0,62.26,62.7,1.492,0.002
20241203T9:46:29.000,calc:Coldspray_data_,-759.91,-2189.57,1380.01,47,0.999,530,299.5,0,62.26,62.7,1.492,0.002
20241203T9:46:30.000,calc:Coldspray_data_,-759.91,-2189.57,1380.01,47,0.999,528,298.2,0,62.26,62.7,1.492,0.002
20241203T9:46:31.000,calc:Coldspray_data_,-759.91,-2189.57,1380.01,47,0.999,535,299,0,62.26,62.7,1.492,0.002
20241203T9:46:32.000,calc:Coldspray_data_,-759.91,-2189.57,1380.01,47,0.999,537,296.2,0,62.26,62.7,1.492,0.002
20241203T9:46:33.000,calc:Coldspray_data_,-759.91,-2189.57,1380.01,47,0.999,534,299.8,0,62.26,62.7,1.492,0.002
20241203T9:46:34.000,calc:Coldspray_data_,-759.91,-2189.57,1380.01,47,0.999,532,301.4,0,62.26,62.69,1.495,0.002
20241203T9:46:35.000,calc:Coldspray_data_,-759.91,-2189.57,1380.01,47,0.999,535,301.8,0,62.26,62.7,1.492,0.002
20241203T9:46:36.000,calc:Coldspray_data_,-759.91,-2189.57,1380.01,47,0.999,542,299.4,0,62.26,62.7,1.495,0.002
20241203T9:46:37.000,calc:Coldspray_data_,-759.91,-2189.57,1380.01,47,0.999,540,302.2,0,62.26,62.7,1.495,0.002
20241203T9:46:38.000,calc:Coldspray_data_,-759.91,-2189.57,1380.01,47,0.999,542,300.2,0,62.26,62.7,1.495,0.002
20241203T9:46:39.000,calc:Coldspray_data_,-759.91,-2189.57,1380.01,47,0.999,535,300.6,0,62.26,62.7,1.495,0.002
20241203T9:46:40.000,calc:Coldspray_data_,-759.91,-2189.57,1380.01,47,0.999,534,297.5,0,62.26,62.7,1.495,0.002
20241203T9:46:41.000,calc:Coldspray_data_,-759.91,-2189.57,1380.01,47,0.999,534,300.6,0,62.26,62.7,1.495,0.002
20241203T9:46:42.000,calc:Coldspray_data_,-759.91,-2189.57,1380.01,47,0.999,535,300.7,0,62.26,62.7,1.495,0.002
20241203T9:46:43.000,calc:Coldspray_data_,-759.91,-2189.57,1380.01,47,0.999,535,301,0,62.26,62.7,1.495,0.002
20241203T9:46:44.000,calc:Coldspray_data_,-759.91,-2189.57,1380.01,47,0.999,534,299.9,0,62.26,62.7,1.495,0.002
20241203T9:46:45.000,calc:Coldspray_data_,-759.91,-2189.57,1380.01,47,1.001,527,298.2,0,62.26,62.7,1.495,0.002
20241203T9:46:46.000,calc:Coldspray_data_,-759.91,-2189.57,1380.01,47,0.999,532,299.4,0,62.26,62.7,1.495,0.002
20241203T9:46:47.000,calc:Coldspray_data_,-759.91,-2189.57,1380.01,47,1.001,535,299.2,0,62.26,62.7,1.495,0.002
20241203T9:46:48.000,calc:Coldspray_data_,-759.91,-2189.57,1380.01,47,1.001,537,298.3,0,62.26,62.7,1.495,0.002
20241203T9:46:49.000,calc:Coldspray_data_,-759.91,-2189.57,1380.01,47,1.001,535,300.2,0,62.26,62.7,1.495,0.002
20241203T9:46:50.000,calc:Coldspray_data_,-759.91,-2189.57,1380.01,47,1.001,532,302.2,0,62.26,62.7,1.495,0.002
20241203T9:46:51.000,calc:Coldspray_data_,-759.91,-2189.57,1380.01,47,1.001,530,299.8,0,62.26,62.7,1.495,0.002
20241203T9:46:52.000,calc:Coldspray_data_,-759.91,-2189.57,1380.01,47,1.001,532,300.6,0,62.26,62.7,1.495,0.002
20241203T9:46:53.000,calc:Coldspray_data_,-759.91,-2189.57,1380.01,47,1.001,532,302.2,0,62.26,62.7,1.495,0.002
20241203T9:46:54.000,calc:Coldspray_data_,-759.91,-2189.57,1380.01,47,1.001,532,299.4,0,62.26,62.7,1.495,0.002
20241203T9:46:55.000,calc:Coldspray_data_,-759.91,-2189.57,1380.01,47,1.001,532,299.2,0,62.26,62.7,1.495,0.002
20241203T9:46:56.000,calc:Coldspray_data_,-759.91,-2189.57,1380.01,47,1.001,530,301.8,0,62.26,62.7,1.495,0.002
20241203T9:46:57.000,calc:Coldspray_data_,-759.91,-2189.57,1380.01,47,1.001,530,301.6,0,62.26,62.7,1.495,0.002
20241203T9:46:58.000,calc:Coldspray_data_,-759.91,-2189.57,1380.01,47,1.001,535,299.8,0,62.26,62.7,1.495,0.002
20241203T9:46:59.000,calc:Coldspray_data_,-759.91,-2189.57,1380.01,47,1.001,534,300.4,0,62.26,62.7,1.497,0.002
20241203T9:47:00.000,calc:Coldspray_data_,-759.91,-2189.57,1380.01,47,1.001,530,301.4,0,62.26,62.7,1.495,0.002
20241203T9:47:01.000,calc:Coldspray_data_,-759.91,-2189.57,1380.01,47,1.001,527,299.2,0,62.26,62.7,1.497,0.002
20241203T9:47:02.000,calc:Coldspray_data_,-759.91,-2189.57,1380.01,47,1.001,527,298,0,62.26,62.7,1.497,0.002
20241203T9:47:03.000,calc:Coldspray_data_,-759.91,-2189.57,1380.01,47,1.001,532,299.5,0,62.26,62.7,1.497,0.002
20241203T9:47:04.000,calc:Coldspray_data_,-759.91,-2189.57,1380.01,47,1.001,535,299.4,0,62.26,62.7,1.495,0.002
20241203T9:47:05.000,calc:Coldspray_data_,-759.91,-2189.57,1380.01,47,1.001,537,299.8,0,62.26,62.7,1.497,0.002
20241203T9:47:06.000,calc:Coldspray_data_,-759.91,-2189.57,1380.01,47,1.001,535,301,0,62.26,62.7,1.497,0.002
20241203T9:47:07.000,calc:Coldspray_data_,-759.91,-2189.57,1380.01,47,1.001,539,300.4,0,62.26,62.7,1.497,0.002
20241203T9:47:08.000,calc:Coldspray_data_,-759.91,-2189.57,1380.01,47,1.004,539,300.4,0,62.26,62.7,1.497,0.002
20241203T9:47:09.000,calc:Coldspray_data_,-759.91,-2189.57,1380.01,47,1.001,539,301,0,62.26,62.7,1.497,0.002
20241203T9:47:10.000,calc:Coldspray_data_,-759.91,-2189.57,1380.01,47,1.001,540,299.9,0,62.26,62.7,1.497,0.002
20241203T9:47:11.000,calc:Coldspray_data_,-759.91,-2189.57,1380.01,47,1.004,542,298.6,0,62.26,62.7,1.497,0.002
20241203T9:47:12.000,calc:Coldspray_data_,-759.91,-2189.57,1380.01,47,1.001,540,296.3,0,62.26,62.7,1.497,0.002
20241203T9:47:13.000,calc:Coldspray_data_,-759.91,-2189.57,1380.01,47,1.004,537,299.2,0,62.26,62.7,1.497,0.002
20241203T9:47:14.000,calc:Coldspray_data_,-759.91,-2189.57,1380.01,47,1.004,542,300.7,0,62.26,62.7,1.497,0.002
20241203T9:47:15.000,calc:Coldspray_data_,-759.91,-2189.57,1380.01,47,1.004,540,301.1,0,62.26,62.7,1.497,0.002
20241203T9:47:16.000,calc:Coldspray_data_,-759.91,-2189.57,1380.01,47,1.004,546,298.7,0,62.26,62.7,1.497,0.002
20241203T9:47:17.000,calc:Coldspray_data_,-759.91,-2189.57,1380.01,47,1.004,542,298,0,62.26,62.69,1.497,0.002
20241203T9:47:18.000,calc:Coldspray_data_,-759.91,-2189.57,1380.01,47,1.004,542,300.4,0,62.26,62.7,1.5,0.002
20241203T9:47:19.000,calc:Coldspray_data_,-759.91,-2189.57,1380.01,47,1.004,542,301.1,0,62.26,62.7,1.5,0.002
20241203T9:47:20.000,calc:Coldspray_data_,-759.91,-2189.57,1380.01,47,1.004,542,299.4,0,62.26,62.7,1.497,0.002
20241203T9:47:21.000,calc:Coldspray_data_,-759.91,-2189.57,1380.01,47,1.004,540,298.2,0,62.26,62.7,1.5,0.002
20241203T9:47:22.000,calc:Coldspray_data_,-759.91,-2189.57,1380.01,47,1.004,544,303.8,0,62.26,62.7,1.497,0.002
20241203T9:47:23.000,calc:Coldspray_data_,-759.91,-2189.57,1380.01,47,1.004,546,300.7,0,62.26,62.7,1.5,0.002
20241203T9:47:24.000,calc:Coldspray_data_,-759.91,-2189.57,1380.01,47,1.004,544,300.4,0,62.26,62.7,1.5,0.002
20241203T9:47:25.000,calc:Coldspray_data_,-759.91,-2189.57,1380.01,47,1.004,540,300.2,0,62.26,62.7,1.5,0.002
20241203T9:47:26.000,calc:Coldspray_data_,-759.91,-2189.57,1380.01,47,1.004,542,299.4,0,62.26,62.7,1.5,0.002
20241203T9:47:27.000,calc:Coldspray_data_,-759.91,-2189.57,1380.01,47,1.004,544,299.4,0,62.26,62.7,1.5,0.002
20241203T9:47:28.000,calc:Coldspray_data_,-759.91,-2189.57,1380.01,47,1.004,539,301.4,0,62.26,62.7,1.5,0.002
20241203T9:47:29.000,calc:Coldspray_data_,-759.91,-2189.57,1380.01,47,1.004,539,301.6,0,62.26,62.7,1.5,0.002
20241203T9:47:30.000,calc:Coldspray_data_,-759.91,-2189.57,1380.01,47,1.004,537,303.2,0,62.26,62.7,1.5,0.002
20241203T9:47:31.000,calc:Coldspray_data_,-759.91,-2189.57,1380.01,47,1.004,540,302.2,0,62.26,62.7,1.5,0.002
20241203T9:47:32.000,calc:Coldspray_data_,-759.91,-2189.57,1380.01,47,1.006,539,302.6,0,62.26,62.7,1.502,0.002
20241203T9:47:33.000,calc:Coldspray_data_,-759.91,-2189.57,1380.01,47,1.006,542,302.2,0,62.26,62.7,1.5,0.002
20241203T9:47:34.000,calc:Coldspray_data_,-759.91,-2189.57,1380.01,47,1.006,542,301.8,0,62.26,62.69,1.5,0.002
20241203T9:47:35.000,calc:Coldspray_data_,-791.48,-2131.94,1469.38,47,1.004,542,299.4,0,62.26,62.7,1.502,0.002
20241203T9:47:36.000,calc:Coldspray_data_,-791.07,-2132.64,1468.61,47,1.006,532,297.5,0,62.26,62.7,1.502,0.002
20241203T9:47:37.000,calc:Coldspray_data_,-790.71,-2133.25,1467.65,47,1.006,527,299.2,0,62.26,62.7,1.502,0.002
20241203T9:47:38.000,calc:Coldspray_data_,-790.38,-2133.87,1466.71,47,1.004,530,299,0,62.26,62.7,1.502,0.002
20241203T9:47:39.000,calc:Coldspray_data_,-790.02,-2134.49,1465.77,47,1.004,532,300.7,0,62.26,62.7,1.502,0.002
20241203T9:47:40.000,calc:Coldspray_data_,-789.69,-2135.12,1464.8,47,1.006,534,301.1,0,62.26,62.7,1.502,0.002
20241203T9:47:41.000,calc:Coldspray_data_,-789.36,-2135.74,1463.84,47,1.006,535,301.9,0,62.26,62.7,1.502,0.002
20241203T9:47:42.000,calc:Coldspray_data_,-789,-2136.36,1462.9,47,1.006,540,299.8,0,62.26,62.7,1.502,0.002
20241203T9:47:43.000,calc:Coldspray_data_,-788.67,-2137,1461.99,47,1.006,535,299,0,62.26,62.7,1.502,0.002
20241203T9:47:44.000,calc:Coldspray_data_,-788.33,-2137.61,1460.97,47,1.006,535,299.5,0,62.26,62.69,1.502,0.002
20241203T9:47:45.000,calc:Coldspray_data_,-787.99,-2138.23,1460.05,47,1.006,534,298.6,0,62.26,62.7,1.502,0.002
20241203T9:47:46.000,calc:Coldspray_data_,-787.65,-2138.84,1459.07,47,1.006,535,299.9,0,62.26,62.7,1.502,0.002
20241203T9:47:47.000,calc:Coldspray_data_,-787.31,-2139.48,1458.15,47,1.006,535,299.4,0,62.26,62.7,1.502,0.002
20241203T9:47:48.000,calc:Coldspray_data_,-786.99,-2140.09,1457.14,47,1.006,532,301.1,0,62.26,62.7,1.502,0.002
20241203T9:47:49.000,calc:Coldspray_data_,-786.62,-2140.72,1456.22,47,1.006,534,300.2,0,62.26,62.7,1.502,0.002
20241203T9:47:50.000,calc:Coldspray_data_,-786.3,-2141.33,1455.27,47,1.006,537,303,0,62.26,62.7,1.502,0.002
20241203T9:47:51.000,calc:Coldspray_data_,-785.96,-2141.95,1454.3,47,1.006,542,302.2,0,62.26,62.7,1.502,0.002
20241203T9:47:52.000,calc:Coldspray_data_,-785.6,-2142.58,1453.39,47,1.006,540,299.2,0,62.26,62.7,1.502,0.002
20241203T9:47:53.000,calc:Coldspray_data_,-785.28,-2143.17,1452.43,47,1.006,542,297.5,0,62.26,62.69,1.502,0.002
20241203T9:47:54.000,calc:Coldspray_data_,-784.95,-2143.82,1451.5,47,1.006,537,299.4,0,62.26,62.7,1.502,0.002
20241203T9:47:55.000,calc:Coldspray_data_,-784.59,-2144.42,1450.51,47,1.006,540,301.4,0,62.26,62.7,1.502,0.002
20241203T9:47:56.000,calc:Coldspray_data_,-784.26,-2145.04,1449.58,47,1.006,537,300.6,0,62.26,62.7,1.502,0.002
20241203T9:47:57.000,calc:Coldspray_data_,-783.94,-2145.66,1448.6,47,1.006,540,301.9,0,62.26,62.7,1.502,0.002
20241203T9:47:58.000,calc:Coldspray_data_,-783.57,-2146.29,1447.64,47,1.006,546,300.6,0,62.26,62.7,1.502,0.002
20241203T9:47:59.000,calc:Coldspray_data_,-783.24,-2146.92,1446.7,47,1.006,544,299.2,0,62.26,62.7,1.502,0.002
20241203T9:48:00.000,calc:Coldspray_data_,-782.91,-2147.52,1445.72,47,1.006,544,298.2,0,62.26,62.7,1.502,0.002
20241203T9:48:01.000,calc:Coldspray_data_,-782.55,-2148.17,1444.83,47,1.006,546,299.8,0,62.26,62.7,1.502,0.002
20241203T9:48:02.000,calc:Coldspray_data_,-782.21,-2148.78,1443.8,47,1.006,546,303,0,62.26,62.7,1.505,0.002
20241203T9:48:03.000,calc:Coldspray_data_,-781.89,-2149.39,1442.88,47,1.009,546,302.4,0,62.26,62.7,1.502,0.002
20241203T9:48:04.000,calc:Coldspray_data_,-781.54,-2150.02,1441.95,47,1.006,544,301.6,0,62.26,62.7,1.502,0.002
20241203T9:48:05.000,calc:Coldspray_data_,-781.21,-2150.63,1440.97,47,1.006,544,301.6,0,62.26,62.7,1.505,0.002
20241203T9:48:06.000,calc:Coldspray_data_,-780.88,-2151.25,1440.09,47,1.006,544,303,0,62.26,62.69,1.502,0.002
20241203T9:48:07.000,calc:Coldspray_data_,-780.52,-2151.86,1439.06,47,1.006,540,300.4,0,62.26,62.7,1.505,0.002
20241203T9:48:08.000,calc:Coldspray_data_,-780.18,-2152.49,1438.17,47,1.006,542,298.2,0,62.26,62.7,1.502,0.002
20241203T9:48:09.000,calc:Coldspray_data_,-779.85,-2153.11,1437.18,47,1.006,539,297,0,62.26,62.7,1.5,0.002
20241203T9:48:10.000,calc:Coldspray_data_,-779.51,-2153.72,1436.25,47,1.006,537,296.6,0,62.26,62.7,1.5,0.002
20241203T9:48:11.000,calc:Coldspray_data_,-779.16,-2154.36,1435.31,47,1.006,535,299.2,0,62.26,62.7,1.497,0.002
20241203T9:48:12.000,calc:Coldspray_data_,-778.83,-2154.97,1434.3,47,1.006,535,299.9,0,62.26,62.69,1.497,0.002
20241203T9:48:13.000,calc:Coldspray_data_,-778.5,-2155.59,1433.36,47,1.006,535,298.7,0,62.26,62.7,1.497,0.002
20241203T9:48:14.000,calc:Coldspray_data_,-778.15,-2156.22,1432.45,47,1.006,539,298.2,0,62.26,62.7,1.497,0.002
20241203T9:48:15.000,calc:Coldspray_data_,-777.82,-2156.83,1431.46,47,1.006,535,296.8,0,62.26,62.7,1.497,0.002
20241203T9:48:16.000,calc:Coldspray_data_,-777.48,-2157.46,1430.52,47,1.006,537,298.3,0,62.26,62.7,1.497,0.002
20241203T9:48:17.000,calc:Coldspray_data_,-777.13,-2158.08,1429.57,47,1.006,537,299.4,0,62.26,62.7,1.495,0.002
20241203T9:48:18.000,calc:Coldspray_data_,-776.8,-2158.69,1428.59,47,1.006,540,297.4,0,62.26,62.7,1.495,0.002
20241203T9:48:19.000,calc:Coldspray_data_,-776.45,-2159.32,1427.67,47,1.006,542,298.7,0,62.26,62.7,1.497,0.002
20241203T9:48:20.000,calc:Coldspray_data_,-776.11,-2159.93,1426.71,47,1.006,542,301.9,0,62.26,62.7,1.497,0.002
20241203T9:48:21.000,calc:Coldspray_data_,-775.79,-2160.55,1425.76,47,1.006,544,300.2,0,62.26,62.7,1.497,0.002
20241203T9:48:22.000,calc:Coldspray_data_,-775.43,-2161.18,1424.83,47,1.006,542,297.5,0,62.26,62.7,1.497,0.002
20241203T9:48:23.000,calc:Coldspray_data_,-775.1,-2161.79,1423.85,47,1.006,544,299.9,0,62.26,62.7,1.5,0.002
20241203T9:48:24.000,calc:Coldspray_data_,-774.76,-2162.42,1422.91,47,1.006,549,300.7,0,62.26,62.7,1.5,0.002
20241203T9:48:25.000,calc:Coldspray_data_,-774.42,-2163.03,1422,47,1.006,551,299.9,0,62.26,62.7,1.502,0.002
20241203T9:48:26.000,calc:Coldspray_data_,-774.07,-2163.66,1420.97,47,1.009,552,300.7,0,62.26,62.7,1.502,0.002
20241203T9:48:27.000,calc:Coldspray_data_,-773.74,-2164.29,1420.05,47,1.009,551,299.4,0,62.26,62.7,1.502,0.002
20241203T9:48:28.000,calc:Coldspray_data_,-773.4,-2164.91,1419.06,47,1.009,552,302.4,0,62.26,62.7,1.502,0.002
20241203T9:48:29.000,calc:Coldspray_data_,-773.06,-2165.52,1418.11,47,1.009,552,302.2,0,62.26,62.7,1.502,0.002
20241203T9:48:30.000,calc:Coldspray_data_,-772.73,-2166.14,1417.22,47,1.009,559,303.8,0,62.26,62.7,1.502,0.002
20241203T9:48:31.000,calc:Coldspray_data_,-772.38,-2166.77,1416.21,47,1.009,556,301.6,0,62.26,62.69,1.502,0.002
20241203T9:48:32.000,calc:Coldspray_data_,-772.03,-2167.39,1415.24,47,1.009,556,300.7,0,62.26,62.69,1.502,0.002
20241203T9:48:33.000,calc:Coldspray_data_,-771.71,-2168.01,1414.35,47,1.009,554,300.4,0,62.26,62.7,1.502,0.002
20241203T9:48:34.000,calc:Coldspray_data_,-771.36,-2168.62,1413.36,47,1.009,556,299.4,0,62.26,62.7,1.502,0.002
20241203T9:48:35.000,calc:Coldspray_data_,-771.02,-2169.24,1412.44,47,1.009,556,301.6,0,62.26,62.7,1.502,0.002
20241203T9:48:36.000,calc:Coldspray_data_,-770.69,-2169.87,1411.49,47,1.009,556,299,0,62.26,62.7,1.502,0.002
20241203T9:48:37.000,calc:Coldspray_data_,-770.33,-2170.49,1410.49,47,1.009,558,299.4,0,62.26,62.7,1.5,0.002
20241203T9:48:38.000,calc:Coldspray_data_,-769.99,-2171.12,1409.53,47,1.009,551,299.4,0,62.26,62.7,1.5,0.002
20241203T9:48:39.000,calc:Coldspray_data_,-769.68,-2171.74,1408.61,47,1.006,551,297.8,0,62.26,62.7,1.5,0.002
20241203T9:48:40.000,calc:Coldspray_data_,-769.31,-2172.36,1407.66,47,1.006,547,297.5,0,62.26,62.7,1.5,0.002
20241203T9:48:41.000,calc:Coldspray_data_,-768.98,-2172.98,1406.65,47,1.006,539,297.4,0,62.26,62.7,1.5,0.002
20241203T9:48:42.000,calc:Coldspray_data_,-768.65,-2173.61,1405.72,47,1.006,537,294.2,0,62.26,62.7,1.497,0.002
20241203T9:48:43.000,calc:Coldspray_data_,-768.3,-2174.23,1404.78,47,1.006,534,297,0,62.26,62.7,1.497,0.002
20241203T9:48:44.000,calc:Coldspray_data_,-767.96,-2174.85,1403.79,47,1.006,527,299,0,62.26,62.7,1.497,0.002
20241203T9:48:45.000,calc:Coldspray_data_,-767.64,-2175.46,1402.86,47,1.006,527,298.2,0,62.26,62.7,1.497,0.002
20241203T9:48:46.000,calc:Coldspray_data_,-767.26,-2176.1,1401.93,47,1.006,525,301.1,0,62.26,62.7,1.497,0.002
20241203T9:48:47.000,calc:Coldspray_data_,-766.93,-2176.71,1400.96,47,1.006,527,301,0,62.26,62.7,1.497,0.002
20241203T9:48:48.000,calc:Coldspray_data_,-766.61,-2177.33,1399.99,47,1.009,530,294.7,0,62.26,62.7,1.5,0.002
20241203T9:48:49.000,calc:Coldspray_data_,-766.25,-2177.96,1399.07,47,1.006,535,296.2,0,62.26,62.7,1.5,0.002
20241203T9:48:50.000,calc:Coldspray_data_,-765.93,-2178.58,1398.15,47,1.006,534,298,0,62.26,62.7,1.502,0.002
20241203T9:48:51.000,calc:Coldspray_data_,-765.59,-2179.19,1397.1,47,1.009,535,299.5,0,62.26,62.7,1.502,0.002
20241203T9:48:52.000,calc:Coldspray_data_,-765.23,-2179.84,1396.15,47,1.009,537,301.8,0,62.26,62.7,1.505,0.002
20241203T9:48:53.000,calc:Coldspray_data_,-764.92,-2180.46,1395.26,47,1.009,542,302.8,0,62.26,62.7,1.505,0.002
20241203T9:48:54.000,calc:Coldspray_data_,-764.55,-2181.08,1394.22,47,1.009,540,302.6,0,62.26,62.7,1.505,0.002
20241203T9:48:55.000,calc:Coldspray_data_,-764.2,-2181.69,1393.3,47,1.009,547,301.9,0,62.26,62.7,1.505,0.002
20241203T9:48:56.000,calc:Coldspray_data_,-763.89,-2182.33,1392.36,47,1.009,546,301.9,0,62.26,62.7,1.505,0.002
20241203T9:48:57.000,calc:Coldspray_data_,-763.53,-2182.95,1391.4,47,1.009,551,301.4,0,62.26,62.7,1.505,0.002
20241203T9:48:58.000,calc:Coldspray_data_,-763.19,-2183.56,1390.42,47,1.009,552,301.6,0,62.26,62.69,1.507,0.002
20241203T9:48:59.000,calc:Coldspray_data_,-762.87,-2184.18,1389.47,47,1.009,552,301.1,0,62.26,62.69,1.507,0.002
20241203T9:49:00.000,calc:Coldspray_data_,-762.51,-2184.81,1388.56,47,1.009,558,303.4,0,62.26,62.69,1.507,0.002
20241203T9:49:01.000,calc:Coldspray_data_,-762.17,-2185.43,1387.59,47,1.009,556,301.9,0,62.26,62.69,1.507,0.002
20241203T9:49:02.000,calc:Coldspray_data_,-761.83,-2186.06,1386.58,47,1.009,549,301.1,0,62.26,62.7,1.507,0.002
20241203T9:49:03.000,calc:Coldspray_data_,-761.47,-2186.69,1385.65,47,1.009,540,301.4,0,62.26,62.7,1.507,0.002
20241203T9:49:04.000,calc:Coldspray_data_,-761.14,-2187.32,1384.72,47,1.009,540,303.4,0,62.26,62.7,1.507,0.002
20241203T9:49:05.000,calc:Coldspray_data_,-760.81,-2187.93,1383.71,47,1.009,542,301.9,0,62.26,62.7,1.505,0.002
20241203T9:49:06.000,calc:Coldspray_data_,-760.46,-2188.56,1382.75,47,1.009,542,298.7,0,62.26,62.7,1.505,0.002
20241203T9:49:07.000,calc:Coldspray_data_,-760.12,-2189.19,1381.8,47,1.009,544,297.5,0,62.26,62.7,1.502,0.002
20241203T9:49:08.000,calc:Coldspray_data_,-759.91,-2189.58,1381.24,47,1.009,542,299.2,0,62.26,62.7,1.502,0.002
20241203T9:49:09.000,calc:Coldspray_data_,-759.9,-2189.59,1381.24,47,1.006,539,299,0,62.26,62.7,1.5,0.002
20241203T9:49:10.000,calc:Coldspray_data_,-759.9,-2189.59,1381.23,47,1.006,540,298.7,0,62.26,62.7,1.5,0.002
20241203T9:49:11.000,calc:Coldspray_data_,-759.9,-2189.59,1381.24,47,1.006,539,300.4,0,62.26,62.7,1.5,0.002
20241203T9:49:12.000,calc:Coldspray_data_,-759.9,-2189.57,1381.26,47,1.009,537,297.5,0,62.26,62.7,1.5,0.002
20241203T9:49:13.000,calc:Coldspray_data_,-759.9,-2189.58,1381.14,47,1.009,530,295,0,62.26,62.7,1.5,0.002
20241203T9:49:14.000,calc:Coldspray_data_,-759.9,-2189.58,1381.1,47,1.009,530,297.4,0,62.26,62.7,1.5,0.002
20241203T9:49:15.000,calc:Coldspray_data_,-759.91,-2189.57,1381.06,47,1.006,530,299,0,62.26,62.7,1.5,0.002
20241203T9:49:16.000,calc:Coldspray_data_,-759.91,-2189.57,1381.02,47,1.009,532,299.5,0,62.26,62.7,1.502,0.002
20241203T9:49:17.000,calc:Coldspray_data_,-759.91,-2189.57,1380.99,47,1.006,532,303.2,0,62.26,62.7,1.505,0.002
20241203T9:49:18.000,calc:Coldspray_data_,-759.91,-2189.57,1380.95,47,1.009,528,303,0,62.26,62.7,1.505,0.002
20241203T9:49:19.000,calc:Coldspray_data_,-759.91,-2189.57,1380.92,47,1.009,527,300.4,0,62.26,62.7,1.505,0.002
20241203T9:49:20.000,calc:Coldspray_data_,-759.91,-2189.57,1380.88,47,1.009,525,303,0,62.26,62.7,1.505,0.002
20241203T9:49:21.000,calc:Coldspray_data_,-759.91,-2189.57,1380.84,47,1.009,518,301.4,0,62.26,62.7,1.505,0.002
20241203T9:49:22.000,calc:Coldspray_data_,-759.91,-2189.57,1380.8,47,1.009,520,300.2,0,62.26,62.7,1.507,0.002
20241203T9:49:23.000,calc:Coldspray_data_,-759.91,-2189.57,1380.77,47,1.009,520,297,0,62.26,62.7,1.507,0.002
20241203T9:49:24.000,calc:Coldspray_data_,-759.91,-2189.57,1380.72,47,1.009,518,299.8,0,62.26,62.7,1.507,0.002
20241203T9:49:25.000,calc:Coldspray_data_,-759.91,-2189.57,1380.69,47,1.009,515,303.4,0,62.26,62.7,1.507,0.002
20241203T9:49:26.000,calc:Coldspray_data_,-759.91,-2189.57,1380.65,47,1.009,516,303.8,0,62.26,62.7,1.505,0.002
20241203T9:49:27.000,calc:Coldspray_data_,-759.91,-2189.57,1380.61,47,1.009,518,299.8,0,62.26,62.7,1.505,0.002
20241203T9:49:28.000,calc:Coldspray_data_,-759.91,-2189.57,1380.58,47,1.009,518,298.7,0,62.26,62.7,1.502,0.002
20241203T9:49:29.000,calc:Coldspray_data_,-759.91,-2189.57,1380.54,47,1.009,518,297.5,0,62.26,62.7,1.5,0.002
20241203T9:49:30.000,calc:Coldspray_data_,-759.91,-2189.57,1380.5,47,1.006,515,297,0,62.26,62.7,1.497,0.002
20241203T9:49:31.000,calc:Coldspray_data_,-759.91,-2189.57,1380.49,47,1.006,516,297.1,0,62.26,62.7,1.497,0.002
20241203T9:49:32.000,calc:Coldspray_data_,-759.91,-2189.57,1380.49,47,1.006,518,297.1,0,62.26,62.7,1.497,0.002
20241203T9:49:33.000,calc:Coldspray_data_,-759.91,-2189.57,1380.49,47,1.006,522,298.3,0,62.26,62.7,1.5,0.002
20241203T9:49:34.000,calc:Coldspray_data_,-759.91,-2189.57,1380.49,47,1.006,523,301.6,0,62.26,62.7,1.5,0.002
20241203T9:49:35.000,calc:Coldspray_data_,-759.91,-2189.57,1380.49,47,1.006,527,300.6,0,62.26,62.7,1.502,0.002
20241203T9:49:36.000,calc:Coldspray_data_,-759.91,-2189.57,1380.49,47,1.006,527,302.8,0,62.26,62.7,1.502,0.002
20241203T9:49:37.000,calc:Coldspray_data_,-759.91,-2189.57,1380.49,47,1.006,527,301.4,0,62.26,62.7,1.502,0.002
20241203T9:49:38.000,calc:Coldspray_data_,-759.91,-2189.57,1380.49,47,1.006,528,302.4,0,62.26,62.69,1.502,0.002
20241203T9:49:39.000,calc:Coldspray_data_,-759.91,-2189.57,1380.49,47,1.009,534,301.8,0,62.26,62.7,1.502,0.002
20241203T9:49:40.000,calc:Coldspray_data_,-759.91,-2189.57,1380.49,47,1.006,535,299.2,0,62.26,62.7,1.502,0.002
20241203T9:49:41.000,calc:Coldspray_data_,-759.91,-2189.57,1380.49,47,1.009,535,301,0,62.26,62.7,1.502,0.002
20241203T9:49:42.000,calc:Coldspray_data_,-759.91,-2189.57,1380.49,47,1.006,537,298,0,62.26,62.7,1.502,0.002
20241203T9:49:43.000,calc:Coldspray_data_,-759.91,-2189.57,1380.49,47,1.006,539,297.1,0,62.26,62.7,1.502,0.002
20241203T9:49:44.000,calc:Coldspray_data_,-759.91,-2189.57,1380.49,47,1.009,540,301.1,0,62.26,62.7,1.5,0.002
20241203T9:49:45.000,calc:Coldspray_data_,-759.91,-2189.57,1380.49,47,1.006,540,298.6,0,62.26,62.7,1.5,0.002
20241203T9:49:46.000,calc:Coldspray_data_,-759.91,-2189.57,1380.49,47,1.006,537,299.5,0,62.26,62.7,1.497,0.002
20241203T9:49:47.000,calc:Coldspray_data_,-759.91,-2189.57,1380.49,47,1.006,535,297.1,0,62.26,62.7,1.497,0.002
20241203T9:49:48.000,calc:Coldspray_data_,-759.91,-2189.57,1380.49,47,1.006,534,295.8,0,62.26,62.7,1.497,0.002
20241203T9:49:49.000,calc:Coldspray_data_,-759.91,-2189.57,1380.49,47,1.006,534,295.1,0,62.26,62.7,1.497,0.002
20241203T9:49:50.000,calc:Coldspray_data_,-759.91,-2189.57,1380.49,47,1.006,535,293.5,0,62.26,62.7,1.497,0.002
20241203T9:49:51.000,calc:Coldspray_data_,-759.91,-2189.57,1380.49,47,1.006,539,300.2,0,62.26,62.7,1.502,0.002
20241203T9:49:52.000,calc:Coldspray_data_,-759.91,-2189.57,1380.49,47,1.006,542,304.4,0,62.26,62.7,1.505,0.002
20241203T9:49:53.000,calc:Coldspray_data_,-759.91,-2189.57,1380.49,47,1.009,539,304.2,0,62.26,62.7,1.505,0.002
20241203T9:49:54.000,calc:Coldspray_data_,-759.91,-2189.57,1380.49,47,1.009,540,304.2,0,62.26,62.7,1.507,0.002
20241203T9:49:55.000,calc:Coldspray_data_,-759.91,-2189.57,1380.49,47,1.009,542,301.8,0,62.26,62.7,1.505,0.002
20241203T9:49:56.000,calc:Coldspray_data_,-759.91,-2189.57,1380.49,47,1.009,539,299.2,0,62.26,62.7,1.502,0.002
20241203T9:49:57.000,calc:Coldspray_data_,-759.91,-2189.57,1380.49,47,1.009,537,292.6,0,62.26,62.7,1.48,0.002
20241203T9:49:58.000,calc:Coldspray_data_,-759.91,-2189.57,1380.49,47,0.926,525,251.8,0,62.26,62.7,1.422,0.002
20241203T9:49:59.000,calc:Coldspray_data_,-759.91,-2189.57,1380.49,47,0.8,497,215.9,0,62.26,62.7,1.365,0.002
20241203T9:50:00.000,calc:Coldspray_data_,-759.91,-2189.57,1380.49,47,0.69,468,201,0,62.26,62.7,1.297,0.002
20241203T9:50:01.000,calc:Coldspray_data_,-759.91,-2189.57,1380.49,47,0.588,434,189.5,0,62.26,62.7,1.232,0.002
20241203T9:50:02.000,calc:Coldspray_data_,-759.91,-2189.57,1380.49,47,0.494,393,180.8,0,62.26,62.7,1.167,0.002
20241203T9:50:03.000,calc:Coldspray_data_,-759.91,-2189.57,1380.49,47,0.418,353,166.3,0,62.26,62.7,1.092,0.002
20241203T9:50:04.000,calc:Coldspray_data_,-759.91,-2189.57,1380.49,47,0.359,312,143,0,62.26,62.7,1.022,0.002
20241203T9:50:05.000,calc:Coldspray_data_,-759.91,-2189.57,1380.49,47,0.313,269,129.6,0,62.26,62.7,0.955,0.002
20241203T9:50:06.000,calc:Coldspray_data_,-759.91,-2189.57,1380.49,47,0.279,224,119.7,0,62.26,62.7,0.9,0.002
20241203T9:50:07.000,calc:Coldspray_data_,-759.91,-2189.57,1380.49,47,0.246,210,116.9,0,62.26,62.7,0.852,0.002
20241203T9:50:08.000,calc:Coldspray_data_,-759.91,-2189.57,1380.49,47,0.222,167,117.6,0,62.26,62.7,0.807,0.002
20241203T9:50:09.000,calc:Coldspray_data_,-759.91,-2189.57,1380.49,47,0.202,127,111.6,0,62.26,62.7,0.765,0.002
20241203T9:50:10.000,calc:Coldspray_data_,-759.91,-2189.57,1380.49,47,0.183,86,102.5,0,62.26,62.7,0.72,0.002
20241203T9:50:11.000,calc:Coldspray_data_,-759.91,-2189.57,1380.49,47,0.168,47,91.9,0,62.26,62.7,0.672,0.002
20241203T9:50:12.000,calc:Coldspray_data_,-759.91,-2189.57,1380.49,47,0.153,31,78,0,62.26,62.7,0.627,0.002
20241203T9:50:13.000,calc:Coldspray_data_,-759.91,-2189.57,1380.49,47,0.137,1,66.3,0,62.26,62.7,0.58,0.002
20241203T9:50:14.000,calc:Coldspray_data_,-759.91,-2189.57,1380.49,47,0.124,1,61.9,0,62.26,62.7,0.54,0.002
20241203T9:50:15.000,calc:Coldspray_data_,-759.91,-2189.57,1380.49,47,0.112,1,57.9,0,62.26,62.7,0.505,0.002
20241203T9:50:16.000,calc:Coldspray_data_,-759.91,-2189.57,1380.49,47,0.102,1,54.3,0,62.26,62.7,0.472,0.002
20241203T9:50:17.000,calc:Coldspray_data_,-759.91,-2189.57,1380.49,47,0.095,1,52.3,0,62.26,62.7,0.437,0.002
20241203T9:50:18.000,calc:Coldspray_data_,-759.91,-2189.57,1380.49,47,0.093,1,44.7,0,62.26,62.7,0.402,0.002
20241203T9:50:19.000,calc:Coldspray_data_,-759.91,-2189.57,1380.49,47,0.102,1,36.3,0,62.26,62.7,0.372,0.002
20241203T9:50:20.000,calc:Coldspray_data_,-759.91,-2189.57,1380.49,47,0.088,1,32.2,0,62.26,62.7,0.342,0.002
20241203T9:50:21.000,calc:Coldspray_data_,-759.91,-2189.57,1380.49,47,0.068,1,32.1,0,62.26,62.7,0.315,0.002
20241203T9:50:22.000,calc:Coldspray_data_,-759.91,-2189.57,1380.49,47,0.05,1,31.5,0,62.26,62.7,0.287,0.002
20241203T9:50:23.000,calc:Coldspray_data_,-759.91,-2189.57,1380.49,47,0.036,1,27.7,0,62.26,62.7,0.265,0.002
20241203T9:50:24.000,calc:Coldspray_data_,-759.91,-2189.57,1380.49,47,0.026,1,22.9,0,62.26,62.7,0.24,0.002
20241203T9:50:25.000,calc:Coldspray_data_,-759.91,-2189.57,1380.49,47,0.016,1,20.2,0,62.26,62.7,0.215,0.002
20241203T9:50:26.000,calc:Coldspray_data_,-759.91,-2189.57,1380.49,47,0.011,1,16.4,0,62.26,62.7,0.192,0.002
20241203T9:50:27.000,calc:Coldspray_data_,-759.91,-2189.57,1380.49,47,0.009,1,11.4,0,62.26,62.7,0.17,0.002
20241203T9:50:28.000,calc:Coldspray_data_,-759.91,-2189.57,1380.49,47,0.006,1,7.2,0,62.26,62.7,0.15,0.002
20241203T9:50:29.000,calc:Coldspray_data_,-759.91,-2189.57,1380.49,47,0.006,1,6.8,0,62.26,62.7,0.13,0.002
20241203T9:50:30.000,calc:Coldspray_data_,-759.91,-2189.57,1380.49,47,0.006,1,7.3,0,62.26,62.7,0.115,0.002
20241203T9:50:31.000,calc:Coldspray_data_,-759.91,-2189.57,1380.49,47,0.006,1,7.6,0,62.26,62.7,0.097,0.002
20241203T9:50:32.000,calc:Coldspray_data_,-759.91,-2189.57,1380.49,47,0.006,1,6.8,0,62.26,62.7,0.085,0.002
20241203T9:50:33.000,calc:Coldspray_data_,-759.91,-2189.57,1380.49,47,0.006,1,6.8,0,62.26,62.7,0.072,0.002
20241203T9:50:34.000,calc:Coldspray_data_,-759.91,-2189.57,1380.49,47,0.006,1,6.8,0,62.26,62.7,0.062,0.002
20241203T9:50:35.000,calc:Coldspray_data_,-759.91,-2189.57,1380.49,47,0.006,1,0,0,62.26,62.7,0.05,0.002
20241203T9:50:36.000,calc:Coldspray_data_,-759.91,-2189.57,1380.49,47,0.006,1,0,0,62.26,62.7,0.042,0.002
20241203T9:50:37.000,calc:Coldspray_data_,-759.91,-2189.57,1380.49,47,0.006,1,0,0,62.26,62.7,0.035,0.002
20241203T9:50:38.000,calc:Coldspray_data_,-759.91,-2189.57,1380.49,47,0.006,1,0,0,62.26,62.7,0.03,0.002
20241203T9:50:39.000,calc:Coldspray_data_,-759.91,-2189.57,1380.49,47,0.006,1,0,0,62.26,62.7,0.025,0.002
20241203T9:50:40.000,calc:Coldspray_data_,-759.91,-2189.57,1380.49,47,0.006,1,0,0,62.26,62.7,0.02,0.002
20241203T9:50:41.000,calc:Coldspray_data_,-759.91,-2189.57,1380.49,47,0.006,1,0,0,62.26,62.7,0.015,0.002
20241203T9:50:42.000,calc:Coldspray_data_,-759.91,-2189.57,1380.49,47,0.006,1,0,0,62.26,62.69,0.012,0.002
20241203T9:50:43.000,calc:Coldspray_data_,-759.91,-2189.57,1380.49,47,0.006,1,0,0,62.26,62.69,0.01,0.002
20241203T9:50:44.000,calc:Coldspray_data_,-759.91,-2189.57,1380.49,47,0.006,1,0,0,62.26,62.69,0.007,0.002
20241203T9:50:45.000,calc:Coldspray_data_,-759.91,-2189.57,1380.49,47,0.006,1,0,0,62.26,62.7,0.005,0.002
20241203T9:50:46.000,calc:Coldspray_data_,-759.91,-2189.57,1380.49,47,0.006,1,0,0,62.26,62.7,0.005,0.002
20241203T9:50:47.000,calc:Coldspray_data_,-759.91,-2189.57,1380.49,47,0.006,1,0,0,62.26,62.7,0.002,0.002
20241203T9:50:48.000,calc:Coldspray_data_,-759.91,-2189.57,1380.49,47,0.006,1,0,0,62.26,62.7,0.002,0.002
20241203T9:50:49.000,calc:Coldspray_data_,-759.91,-2189.57,1380.49,47,0.006,1,0,0,62.26,62.7,0.002,0.002
20241203T9:50:50.000,calc:Coldspray_data_,-759.91,-2189.57,1380.49,47,0.006,1,0,0,62.26,62.7,0.002,0.002
20241203T9:50:51.000,calc:Coldspray_data_,-759.91,-2189.57,1380.49,47,0.006,1,0,0,62.26,62.7,0.002,0.002
20241203T9:50:52.000,calc:Coldspray_data_,-759.91,-2189.57,1380.49,47,0.006,1,0,0,62.26,62.7,0.002,0.002
20241203T9:50:53.000,calc:Coldspray_data_,-759.91,-2189.57,1380.49,47,0.006,1,0,0,62.26,62.7,0.002,0.002
20241203T9:50:54.000,calc:Coldspray_data_,-759.91,-2189.57,1380.49,47,0.006,1,0,0,62.26,62.69,0.002,0.002
20241203T9:50:55.000,calc:Coldspray_data_,-759.91,-2189.57,1380.49,47,0.006,1,0,0,62.26,62.7,0.002,0.002
20241203T9:50:56.000,calc:Coldspray_data_,-759.91,-2189.57,1380.49,47,0.006,1,0,0,62.26,62.7,0.002,0.002
20241203T9:50:57.000,calc:Coldspray_data_,-759.91,-2189.57,1380.49,47,0.006,1,0,0,62.26,62.7,0.002,0.002
20241203T9:50:58.000,calc:Coldspray_data_,-759.91,-2189.57,1380.49,47,0.006,1,0,0,62.26,62.7,0.002,0.002
20241203T9:50:59.000,calc:Coldspray_data_,-759.91,-2189.57,1380.49,47,0.006,1,0,0,62.26,62.7,0.002,0.002
20241203T9:51:00.000,calc:Coldspray_data_,-759.91,-2189.57,1380.49,47,0.006,1,0,0,62.26,62.7,0.002,0.002
20241203T9:51:01.000,calc:Coldspray_data_,-759.91,-2189.57,1380.49,47,0.006,1,0,0,62.26,62.7,0.002,0.002
20241203T9:51:02.000,calc:Coldspray_data_,-759.91,-2189.57,1380.49,47,0.006,1,0,0,62.26,62.7,0.002,0.002
20241203T9:51:03.000,calc:Coldspray_data_,-759.91,-2189.57,1380.49,47,0.006,1,0,0,62.26,62.7,0.002,0.002
20241203T9:51:04.000,calc:Coldspray_data_,-759.91,-2189.57,1380.49,47,0.006,1,0,0,62.26,62.7,0.002,0.002
20241203T9:51:05.000,calc:Coldspray_data_,-759.91,-2189.57,1380.49,47,0.006,1,0,0,62.26,62.7,0.002,0.002
20241203T9:51:06.000,calc:Coldspray_data_,-759.91,-2189.57,1380.49,47,0.006,1,0,0,62.26,62.7,0.002,0.002
20241203T9:51:07.000,calc:Coldspray_data_,-759.91,-2189.57,1380.49,47,0.006,1,0,0,62.26,62.69,0.002,0.002
20241203T9:51:08.000,calc:Coldspray_data_,-759.91,-2189.57,1380.49,47,0.006,1,0,0,62.26,62.69,0.002,0.002
20241203T9:51:09.000,calc:Coldspray_data_,-759.91,-2189.57,1380.49,47,0.006,1,0,0,62.26,62.69,0.002,0.002
20241203T9:51:10.000,calc:Coldspray_data_,-759.91,-2189.57,1380.49,47,0.009,1,0,0,62.26,62.7,0.002,0.002
20241203T9:51:11.000,calc:Coldspray_data_,-759.91,-2189.57,1380.49,47,0.006,1,0,0,62.26,62.7,0.002,0.002
20241203T9:51:12.000,calc:Coldspray_data_,-759.91,-2189.57,1380.49,47,0.006,1,0,0,62.26,62.69,0.002,0.002
20241203T9:51:13.000,calc:Coldspray_data_,-759.91,-2189.57,1380.49,47,0.006,1,0,0,62.26,62.7,0.002,0.002
20241203T9:51:14.000,calc:Coldspray_data_,-759.91,-2189.57,1380.49,47,0.006,1,0,0,62.26,62.7,0.002,0.002
20241203T9:51:15.000,calc:Coldspray_data_,-759.91,-2189.57,1380.49,47,0.006,1,0,0,62.26,62.7,0.002,0.002
20241203T9:51:16.000,calc:Coldspray_data_,-759.91,-2189.57,1380.49,47,0.006,1,0,0,62.26,62.7,0.002,0.002
20241203T9:51:17.000,calc:Coldspray_data_,-759.91,-2189.57,1380.49,47,0.006,1,0,0,62.26,62.7,0.002,0.002
20241203T9:51:18.000,calc:Coldspray_data_,-759.91,-2189.57,1380.49,47,0.006,1,0,0,62.26,62.7,0.002,0.002
20241203T9:51:19.000,calc:Coldspray_data_,-759.91,-2189.57,1380.49,47,0.006,1,0,0,62.26,62.69,0.002,0.002
20241203T9:51:20.000,calc:Coldspray_data_,-759.91,-2189.57,1380.49,47,0.006,1,0,0,62.26,62.69,0.002,0.002
20241203T9:51:21.000,calc:Coldspray_data_,-759.91,-2189.57,1380.49,47,0.006,1,0,0,62.26,62.7,0.002,0.002
20241203T9:51:22.000,calc:Coldspray_data_,-759.91,-2189.57,1380.49,47,0.006,1,0,0,62.26,62.7,0.002,0.002
20241203T9:51:23.000,calc:Coldspray_data_,-759.91,-2189.57,1380.49,47,0.006,1,0,0,62.26,62.7,0.002,0.002
20241203T9:51:24.000,calc:Coldspray_data_,-759.91,-2189.57,1380.49,47,0.006,1,0,0,62.26,62.7,0.002,0.002
20241203T9:51:25.000,calc:Coldspray_data_,-759.91,-2189.57,1380.49,47,0.006,1,0,0,62.26,62.7,0.002,0.002
20241203T9:51:26.000,calc:Coldspray_data_,-759.91,-2189.57,1380.49,47,0.006,1,0,0,62.26,62.7,0.002,0.002
20241203T9:51:27.000,calc:Coldspray_data_,-759.91,-2189.57,1380.49,47,0.006,1,0,0,62.26,62.7,0.002,0.002
20241203T9:51:28.000,calc:Coldspray_data_,-759.91,-2189.57,1380.49,47,0.006,1,0,0,62.26,62.7,0.002,0.002
20241203T9:51:29.000,calc:Coldspray_data_,-759.91,-2189.57,1380.49,47,0.006,1,0,0,62.26,62.7,0.002,0.002
20241203T9:51:30.000,calc:Coldspray_data_,-759.91,-2189.57,1380.49,47,0.006,1,0,0,62.26,62.7,0.002,0.002
20241203T9:51:31.000,calc:Coldspray_data_,-759.91,-2189.57,1380.49,47,0.006,1,0,0,62.26,62.7,0.002,0.002
20241203T9:51:32.000,calc:Coldspray_data_,-759.91,-2189.57,1380.49,47,0.006,1,0,0,62.26,62.7,0.002,0.002
20241203T9:51:33.000,calc:Coldspray_data_,-759.91,-2189.57,1380.49,47,0.006,1,0,0,62.26,62.7,0.002,0.002
20241203T9:51:34.000,calc:Coldspray_data_,-759.91,-2189.57,1380.49,47,0.009,1,0,0,62.26,62.7,0.002,0.002
20241203T9:51:35.000,calc:Coldspray_data_,-759.91,-2189.57,1380.49,47,0.006,1,0,0,62.26,62.7,0.002,0.002
20241203T9:51:36.000,calc:Coldspray_data_,-759.91,-2189.57,1380.49,47,0.006,1,0,0,62.26,62.7,0.002,0.002
20241203T9:51:37.000,calc:Coldspray_data_,-759.91,-2189.57,1380.49,47,0.006,1,0,0,62.26,62.69,0.002,0.002
20241203T9:51:38.000,calc:Coldspray_data_,-759.91,-2189.57,1380.49,47,0.009,1,0,0,62.26,62.7,0.002,0.002
20241203T9:51:39.000,calc:Coldspray_data_,-759.91,-2189.57,1380.49,47,0.006,1,0,0,62.26,62.7,0.002,0.002
20241203T9:51:40.000,calc:Coldspray_data_,-759.91,-2189.57,1380.49,47,0.006,1,0,0,62.26,62.7,0.002,0.002
20241203T9:51:41.000,calc:Coldspray_data_,-759.91,-2189.57,1380.49,47,0.006,1,0,0,62.26,62.7,0.002,0.002
20241203T9:51:42.000,calc:Coldspray_data_,-759.91,-2189.57,1380.49,47,0.006,1,0,0,62.26,62.7,0.002,0.002
20241203T9:51:43.000,calc:Coldspray_data_,-759.91,-2189.57,1380.49,47,0.006,1,0,0,62.26,62.7,0.002,0.002
20241203T9:51:44.000,calc:Coldspray_data_,-759.91,-2189.57,1380.49,47,0.009,1,0,0,62.26,62.7,0.002,0.002
20241203T9:51:45.000,calc:Coldspray_data_,-759.91,-2189.57,1380.49,47,0.006,1,0,0,62.26,62.7,0.002,0.002
20241203T9:51:46.000,calc:Coldspray_data_,-759.91,-2189.57,1380.49,47,0.006,1,0,0,62.26,62.69,0.002,0.002
20241203T9:51:47.000,calc:Coldspray_data_,-759.91,-2189.57,1380.49,47,0.006,1,0,0,62.26,62.69,0.002,0.002
20241203T9:51:48.000,calc:Coldspray_data_,-759.91,-2189.57,1380.49,47,0.009,1,0,0,62.26,62.7,0.002,0.002
20241203T9:51:49.000,calc:Coldspray_data_,-759.91,-2189.57,1380.49,47,0.006,1,0,0,62.26,62.7,0.002,0.002
20241203T9:51:50.000,calc:Coldspray_data_,-759.91,-2189.57,1380.49,47,0.006,1,0,0,62.26,62.7,0.002,0.002
20241203T9:51:51.000,calc:Coldspray_data_,-759.91,-2189.57,1380.49,47,0.006,1,0,0,62.26,62.69,0.002,0.002
20241203T9:51:52.000,calc:Coldspray_data_,-759.91,-2189.57,1380.49,47,0.006,1,0,0,62.26,62.69,0.002,0.002
20241203T9:51:53.000,calc:Coldspray_data_,-759.91,-2189.57,1380.49,47,0.006,1,0,0,62.26,62.7,0.002,0.002
20241203T9:51:54.000,calc:Coldspray_data_,-759.91,-2189.57,1380.49,47,0.006,1,0,0,62.26,62.7,0.002,0.002
20241203T9:51:55.000,calc:Coldspray_data_,-759.91,-2189.57,1380.49,47,0.006,1,0,0,62.26,62.7,0.002,0.002
20241203T9:51:56.000,calc:Coldspray_data_,-759.91,-2189.57,1380.49,47,0.006,1,0,0,62.26,62.7,0.002,0.002
20241203T9:51:57.000,calc:Coldspray_data_,-759.91,-2189.57,1380.49,47,0.006,1,0,0,62.26,62.7,0.002,0.002
20241203T9:51:58.000,calc:Coldspray_data_,-759.91,-2189.57,1380.49,47,0.006,1,0,0,62.26,62.7,0.002,0.002
20241203T9:51:59.000,calc:Coldspray_data_,-759.91,-2189.57,1380.49,47,0.006,1,0,0,62.26,62.69,0.002,0.002
20241203T9:52:00.000,calc:Coldspray_data_,-759.91,-2189.57,1380.49,47,0.006,1,0,0,62.26,62.69,0.002,0.002
20241203T9:52:01.000,calc:Coldspray_data_,-759.91,-2189.57,1380.49,47,0.006,1,0,0,62.26,62.7,0.002,0.002
20241203T9:52:02.000,calc:Coldspray_data_,-759.91,-2189.57,1380.49,47,0.006,1,0,0,62.26,62.7,0.002,0.002
20241203T9:52:03.000,calc:Coldspray_data_,-759.91,-2189.57,1380.49,47,0.006,1,0,0,62.26,62.7,0.002,0.002
20241203T9:52:04.000,calc:Coldspray_data_,-759.91,-2189.57,1380.49,47,0.009,1,0,0,62.26,62.7,0.002,0.002
20241203T9:52:05.000,calc:Coldspray_data_,-759.91,-2189.57,1380.49,47,0.006,1,0,0,62.26,62.7,0.002,0.002
20241203T9:52:06.000,calc:Coldspray_data_,-759.91,-2189.57,1380.49,47,0.009,1,0,0,62.26,62.7,0.002,0.002
20241203T9:52:07.000,calc:Coldspray_data_,-759.91,-2189.57,1380.49,47,0.009,1,0,0,62.26,62.7,0.002,0.002
20241203T9:52:08.000,calc:Coldspray_data_,-759.91,-2189.57,1380.49,47,0.006,1,0,0,62.26,62.69,0.002,0.002
20241203T9:52:09.000,calc:Coldspray_data_,-759.91,-2189.57,1380.49,47,0.009,1,0,0,62.26,62.69,0.002,0.002
20241203T9:52:10.000,calc:Coldspray_data_,-759.91,-2189.57,1380.49,47,0.006,1,0,0,62.26,62.69,0.002,0.002
20241203T9:52:11.000,calc:Coldspray_data_,-759.91,-2189.57,1380.49,47,0.006,1,0,0,62.26,62.7,0.002,0.002
20241203T9:52:12.000,calc:Coldspray_data_,-759.91,-2189.57,1380.49,47,0.006,1,0,0,62.26,62.7,0.002,0.002
20241203T9:52:13.000,calc:Coldspray_data_,-759.91,-2189.57,1380.49,47,0.006,1,0,0,62.26,62.7,0.002,0.002
20241203T9:52:14.000,calc:Coldspray_data_,-759.91,-2189.57,1380.49,47,0.009,1,0,0,62.26,62.69,0.002,0.002
20241203T9:52:15.000,calc:Coldspray_data_,-759.91,-2189.57,1380.49,47,0.006,1,0,0,62.26,62.7,0.002,0.002
20241203T9:52:16.000,calc:Coldspray_data_,-759.91,-2189.57,1380.49,47,0.006,1,0,0,62.26,62.7,0.002,0.002
20241203T9:52:17.000,calc:Coldspray_data_,-759.91,-2189.57,1380.49,47,0.006,1,0,0,62.26,62.7,0.002,0.002
20241203T9:52:18.000,calc:Coldspray_data_,-759.91,-2189.57,1380.49,47,0.006,1,0,0,62.26,62.69,0.002,0.002
20241203T9:52:19.000,calc:Coldspray_data_,-759.91,-2189.57,1380.49,47,0.006,1,0,0,62.26,62.7,0.002,0.002
20241203T9:52:20.000,calc:Coldspray_data_,-759.91,-2189.57,1380.49,47,0.006,1,0,0,62.26,62.7,0.002,0.002
20241203T9:52:21.000,calc:Coldspray_data_,-759.91,-2189.57,1380.49,47,0.009,1,0,0,62.26,62.7,0.002,0.002
20241203T9:52:22.000,calc:Coldspray_data_,-759.91,-2189.57,1380.49,47,0.009,1,0,0,62.26,62.7,0.002,0.002
20241203T9:52:23.000,calc:Coldspray_data_,-759.91,-2189.57,1380.49,47,0.006,1,0,0,62.26,62.7,0.002,0.002
20241203T9:52:24.000,calc:Coldspray_data_,-759.91,-2189.57,1380.49,47,0.006,1,0,0,62.26,62.69,0.002,0.002
20241203T9:52:25.000,calc:Coldspray_data_,-759.91,-2189.57,1380.49,47,0.006,1,0,0,62.26,62.69,0.002,0.002
20241203T9:52:26.000,calc:Coldspray_data_,-759.91,-2189.57,1380.49,47,0.006,1,0,0,62.26,62.7,0.002,0.002
20241203T9:52:27.000,calc:Coldspray_data_,-759.91,-2189.57,1380.49,47,0.006,1,0,0,62.26,62.7,0.002,0.002
20241203T9:52:28.000,calc:Coldspray_data_,-759.91,-2189.57,1380.49,47,0.006,1,0,0,62.26,62.7,0.002,0.002
20241203T9:52:29.000,calc:Coldspray_data_,-759.91,-2189.57,1380.49,47,0.009,1,0,0,62.26,62.7,0.002,0.002
20241203T9:52:30.000,calc:Coldspray_data_,-759.91,-2189.57,1380.49,47,0.009,1,0,0,62.26,62.7,0.002,0.002
20241203T9:52:31.000,calc:Coldspray_data_,-759.91,-2189.57,1380.49,47,0.009,1,0,0,62.26,62.69,0.002,0.002
20241203T9:52:32.000,calc:Coldspray_data_,-759.91,-2189.57,1380.49,47,0.009,1,0,0,62.26,62.69,0.002,0.002
20241203T9:52:33.000,calc:Coldspray_data_,-759.91,-2189.57,1380.49,47,0.009,1,0,0,62.26,62.69,0.002,0.002
20241203T9:52:34.000,calc:Coldspray_data_,-759.91,-2189.57,1380.49,47,0.006,1,0,0,62.26,62.69,0.002,0.002
20241203T9:52:35.000,calc:Coldspray_data_,-759.91,-2189.57,1380.49,47,0.009,1,0,0,62.26,62.7,0.002,0.002
20241203T9:52:36.000,calc:Coldspray_data_,-759.91,-2189.57,1380.49,47,0.009,1,0,0,62.26,62.7,0.002,0.002
20241203T9:52:37.000,calc:Coldspray_data_,-759.91,-2189.57,1380.49,47,0.009,1,0,0,62.26,62.7,0.002,0.002
20241203T9:52:38.000,calc:Coldspray_data_,-759.91,-2189.57,1380.49,47,0.009,1,0,0,62.26,62.7,0.002,0.002
20241203T9:52:39.000,calc:Coldspray_data_,-759.91,-2189.57,1380.49,47,0.006,1,0,0,62.26,62.7,0.002,0.002
20241203T9:52:40.000,calc:Coldspray_data_,-759.91,-2189.57,1380.49,47,0.006,1,0,0,62.26,62.7,0.002,0.002
20241203T9:52:41.000,calc:Coldspray_data_,-759.91,-2189.57,1380.49,47,0.009,1,0,0,62.26,62.7,0.002,0.002
20241203T9:52:42.000,calc:Coldspray_data_,-759.91,-2189.57,1380.49,47,0.009,1,0,0,62.26,62.7,0.002,0.002
20241203T9:52:43.000,calc:Coldspray_data_,-759.91,-2189.57,1380.49,47,0.006,1,0,0,62.26,62.7,0.002,0.002
20241203T9:52:44.000,calc:Coldspray_data_,-759.91,-2189.57,1380.49,47,0.006,1,0,0,62.26,62.7,0.002,0.002
20241203T9:52:45.000,calc:Coldspray_data_,-759.91,-2189.57,1380.49,47,0.009,1,0,0,62.26,62.7,0.002,0.002
20241203T9:52:46.000,calc:Coldspray_data_,-759.91,-2189.57,1380.49,47,0.006,1,0,0,62.26,62.7,0.002,0.002
20241203T9:52:47.000,calc:Coldspray_data_,-759.91,-2189.57,1380.49,47,0.006,1,0,0,62.26,62.69,0.002,0.002
20241203T9:52:48.000,calc:Coldspray_data_,-759.91,-2189.57,1380.49,47,0.006,1,0,0,62.26,62.69,0.002,0.002
20241203T9:52:49.000,calc:Coldspray_data_,-759.91,-2189.57,1380.49,47,0.009,1,0,0,62.26,62.7,0.002,0.002
20241203T9:52:50.000,calc:Coldspray_data_,-759.91,-2189.57,1380.49,47,0.009,1,0,0,62.26,62.7,0.002,0.002
20241203T9:52:51.000,calc:Coldspray_data_,-759.91,-2189.57,1380.49,47,0.009,1,0,0,62.26,62.7,0.002,0.002
20241203T9:52:52.000,calc:Coldspray_data_,-759.91,-2189.57,1380.49,47,0.006,1,0,0,62.26,62.69,0.002,0.002
20241203T9:52:53.000,calc:Coldspray_data_,-759.91,-2189.57,1380.49,47,0.006,1,0,0,62.26,62.7,0.002,0.002
20241203T9:52:54.000,calc:Coldspray_data_,-759.91,-2189.57,1380.49,47,0.006,1,0,0,62.26,62.7,0.002,0.002
20241203T9:52:55.000,calc:Coldspray_data_,-759.91,-2189.57,1380.49,47,0.006,1,0,0,62.26,62.7,0.002,0.002
20241203T9:52:56.000,calc:Coldspray_data_,-759.91,-2189.57,1380.49,47,0.006,1,0,0,62.26,62.7,0.002,0.002
20241203T9:52:57.000,calc:Coldspray_data_,-759.91,-2189.57,1380.49,47,0.006,1,0,0,62.26,62.69,0.002,0.002
20241203T9:52:58.000,calc:Coldspray_data_,-759.91,-2189.57,1380.49,47,0.006,1,0,0,62.26,62.7,0.002,0.002
20241203T9:52:59.000,calc:Coldspray_data_,-759.91,-2189.57,1380.49,47,0.009,1,0,0,62.26,62.7,0.002,0.002
20241203T9:53:00.000,calc:Coldspray_data_,-759.91,-2189.57,1380.49,47,0.009,1,0,0,62.26,62.7,0.002,0.002
20241203T9:53:01.000,calc:Coldspray_data_,-759.91,-2189.57,1380.49,47,0.006,1,0,0,62.26,62.7,0.002,0.002
20241203T9:53:02.000,calc:Coldspray_data_,-759.91,-2189.57,1380.49,47,0.006,1,0,0,62.26,62.7,0.002,0.002
20241203T9:53:03.000,calc:Coldspray_data_,-759.91,-2189.57,1380.49,47,0.006,1,0,0,62.26,62.69,0.002,0.002
20241203T9:53:04.000,calc:Coldspray_data_,-759.91,-2189.57,1380.49,47,0.009,1,0,0,62.26,62.7,0.002,0.002
20241203T9:53:05.000,calc:Coldspray_data_,-759.91,-2189.57,1380.49,47,0.009,1,0,0,62.26,62.7,0.002,0.002
20241203T9:53:06.000,calc:Coldspray_data_,-759.91,-2189.57,1380.49,47,0.006,1,0,0,62.26,62.7,0.002,0.002
20241203T9:53:07.000,calc:Coldspray_data_,-759.91,-2189.57,1380.49,47,0.006,1,0,0,62.26,62.7,0.002,0.002
20241203T9:53:08.000,calc:Coldspray_data_,-759.91,-2189.57,1380.49,47,0.006,1,0,0,62.26,62.7,0.002,0.002
20241203T9:53:09.000,calc:Coldspray_data_,-759.91,-2189.57,1380.49,47,0.006,1,0,0,62.26,62.7,0.002,0.002
20241203T9:53:10.000,calc:Coldspray_data_,-759.91,-2189.57,1380.49,47,0.009,1,0,0,62.26,62.7,0.002,0.002
20241203T9:53:11.000,calc:Coldspray_data_,-759.91,-2189.57,1380.49,47,0.009,1,0,0,62.26,62.7,0.002,0.002
20241203T9:53:12.000,calc:Coldspray_data_,-759.91,-2189.57,1380.49,47,0.006,1,0,0,62.26,62.7,0.002,0.002
20241203T9:53:13.000,calc:Coldspray_data_,-759.91,-2189.57,1380.49,47,0.009,1,0,0,62.26,62.7,0.002,0.002
20241203T9:53:14.000,calc:Coldspray_data_,-759.91,-2189.57,1380.49,47,0.006,1,0,0,62.26,62.7,0.002,0.002
20241203T9:53:15.000,calc:Coldspray_data_,-759.91,-2189.57,1380.49,47,0.006,1,0,0,62.26,62.69,0.002,0.002
20241203T9:53:16.000,calc:Coldspray_data_,-759.91,-2189.57,1380.49,47,0.006,1,0,0,62.26,62.7,0.002,0.002
20241203T9:53:17.000,calc:Coldspray_data_,-759.91,-2189.57,1380.49,47,0.009,1,0,0,62.26,62.7,0.002,0.002
20241203T9:53:18.000,calc:Coldspray_data_,-759.91,-2189.57,1380.49,47,0.009,1,0,0,62.26,62.7,0.002,0.002
20241203T9:53:19.000,calc:Coldspray_data_,-759.91,-2189.57,1380.49,47,0.006,1,0,0,62.26,62.69,0.002,0.002
20241203T9:53:20.000,calc:Coldspray_data_,-759.91,-2189.57,1380.49,47,0.006,1,0,0,62.26,62.69,0.002,0.002
20241203T9:53:21.000,calc:Coldspray_data_,-759.91,-2189.57,1380.49,47,0.009,1,0,0,62.26,62.7,0.002,0.002
20241203T9:53:22.000,calc:Coldspray_data_,-759.91,-2189.57,1380.49,47,0.006,1,0,0,62.26,62.7,0.002,0.002
20241203T9:53:23.000,calc:Coldspray_data_,-759.91,-2189.57,1380.49,47,0.006,1,0,0,62.26,62.69,0.002,0.002
20241203T9:53:24.000,calc:Coldspray_data_,-759.91,-2189.57,1380.49,47,0.006,1,0,0,62.26,62.7,0.002,0.002
20241203T9:53:25.000,calc:Coldspray_data_,-759.91,-2189.57,1380.49,47,0.009,1,0,0,62.26,62.7,0.002,0.002
20241203T9:53:26.000,calc:Coldspray_data_,-759.91,-2189.57,1380.49,47,0.006,1,0,0,62.26,62.7,0.002,0.002
20241203T9:53:27.000,calc:Coldspray_data_,-759.91,-2189.57,1380.49,47,0.009,1,0,0,62.26,62.7,0.002,0.002
20241203T9:53:28.000,calc:Coldspray_data_,-759.91,-2189.57,1380.49,47,0.009,1,0,0,62.26,62.7,0.002,0.002
20241203T9:53:29.000,calc:Coldspray_data_,-759.91,-2189.57,1380.49,47,0.006,1,0,0,62.26,62.69,0.002,0.002
20241203T9:53:30.000,calc:Coldspray_data_,-759.91,-2189.57,1380.49,47,0.006,1,0,0,62.26,62.69,0.002,0.002
20241203T9:53:31.000,calc:Coldspray_data_,-759.91,-2189.57,1380.49,47,0.006,1,0,0,62.26,62.69,0.002,0.002
20241203T9:53:32.000,calc:Coldspray_data_,-759.91,-2189.57,1380.49,47,0.006,1,0,0,62.26,62.7,0.002,0.002
20241203T9:53:33.000,calc:Coldspray_data_,-759.91,-2189.57,1380.49,47,0.006,1,0,0,62.26,62.7,0.002,0.002
20241203T9:53:34.000,calc:Coldspray_data_,-759.91,-2189.57,1380.49,47,0.006,1,0,0,62.26,62.7,0.002,0.002
20241203T9:53:35.000,calc:Coldspray_data_,-759.91,-2189.57,1380.49,47,0.006,1,0,0,62.26,62.7,0.002,0.002
20241203T9:53:36.000,calc:Coldspray_data_,-759.91,-2189.57,1380.49,47,0.006,1,0,0,62.26,62.7,0.002,0.002
20241203T9:53:37.000,calc:Coldspray_data_,-759.91,-2189.57,1380.49,47,0.006,1,0,0,62.26,62.7,0.002,0.002
20241203T9:53:38.000,calc:Coldspray_data_,-759.91,-2189.57,1380.49,47,0.009,1,0,0,62.26,62.7,0.002,0.002
20241203T9:53:39.000,calc:Coldspray_data_,-759.91,-2189.57,1380.49,47,0.009,1,0,0,62.26,62.69,0.002,0.002
20241203T9:53:40.000,calc:Coldspray_data_,-759.91,-2189.57,1380.49,47,0.006,1,0,0,62.26,62.69,0.002,0.002
20241203T9:53:41.000,calc:Coldspray_data_,-759.91,-2189.57,1380.49,47,0.006,1,0,0,62.26,62.7,0.002,0.002
20241203T9:53:42.000,calc:Coldspray_data_,-759.91,-2189.57,1380.49,47,0.006,1,0,0,62.26,62.7,0.002,0.002
20241203T9:53:43.000,calc:Coldspray_data_,-759.91,-2189.57,1380.49,47,0.009,1,0,0,62.26,62.7,0.002,0.002
20241203T9:53:44.000,calc:Coldspray_data_,-759.91,-2189.57,1380.49,47,0.006,1,0,0,62.26,62.7,0.002,0.002
20241203T9:53:45.000,calc:Coldspray_data_,-759.91,-2189.57,1380.49,47,0.009,1,0,0,62.26,62.7,0.002,0.002
20241203T9:53:46.000,calc:Coldspray_data_,-759.91,-2189.57,1380.49,47,0.009,1,0,0,62.26,62.69,0.002,0.002
20241203T9:53:47.000,calc:Coldspray_data_,-759.91,-2189.57,1380.49,47,0.009,1,0,0,62.26,62.7,0.002,0.002
20241203T9:53:48.000,calc:Coldspray_data_,-759.91,-2189.57,1380.49,47,0.006,1,0,0,62.26,62.69,0.002,0.002
20241203T9:53:49.000,calc:Coldspray_data_,-759.91,-2189.57,1380.49,47,0.009,1,0,0,62.26,62.7,0.002,0.002
20241203T9:53:50.000,calc:Coldspray_data_,-759.91,-2189.57,1380.49,47,0.006,1,0,0,62.26,62.7,0.002,0.002
20241203T9:53:51.000,calc:Coldspray_data_,-759.91,-2189.57,1380.49,47,0.006,1,0,0,62.26,62.7,0.002,0.002
20241203T9:53:52.000,calc:Coldspray_data_,-759.91,-2189.57,1380.49,47,0.009,1,0,0,62.26,62.7,0.002,0.002
20241203T9:53:53.000,calc:Coldspray_data_,-759.91,-2189.57,1380.49,47,0.009,1,0,0,62.26,62.7,0.002,0.002
20241203T9:53:54.000,calc:Coldspray_data_,-759.91,-2189.57,1380.49,47,0.009,1,0,0,62.26,62.7,0.002,0.002
20241203T9:53:55.000,calc:Coldspray_data_,-759.91,-2189.57,1380.49,47,0.006,1,0,0,62.26,62.7,0.002,0.002
20241203T9:53:56.000,calc:Coldspray_data_,-759.91,-2189.57,1380.49,47,0.006,1,0,0,62.26,62.7,0.002,0.002
20241203T9:53:57.000,calc:Coldspray_data_,-759.91,-2189.57,1380.49,47,0.006,1,0,0,62.26,62.7,0.002,0.002
20241203T9:53:58.000,calc:Coldspray_data_,-759.91,-2189.57,1380.49,47,0.006,1,0,0,62.26,62.7,0.002,0.002
20241203T9:53:59.000,calc:Coldspray_data_,-759.91,-2189.57,1380.49,47,0.006,1,0,0,62.26,62.7,0.002,0.002
