Date,Time,ms,Data_Type,ABB_X,ABB_Y,ABB_Z,Chamber_Temp,Chamber_Pressure,Main_Gas_Flow,PF1_Gas_Flow,PF2_Gas_Flow,PF1_LibraWeight,PF2_LibraWeight,PF1_Pressure,PF2_Pressure
5/12/2024,11:30:00 am,0,Double[12],0,0,0,116,0.006,1,0,0,62.26,62.63,0.002,0.002
5/12/2024,11:30:01 am,0,Double[12],0,0,0,116,0.006,1,0,0,62.26,62.63,0.002,0.002
5/12/2024,11:30:02 am,0,Double[12],0,0,0,116,0.006,1,0,0,62.26,62.63,0.002,0.002
5/12/2024,11:30:03 am,0,Double[12],0,0,0,116,0.004,1,0,0,62.26,62.63,0.002,0.002
5/12/2024,11:30:04 am,0,Double[12],0,0,0,116,0.006,1,0,0,62.26,62.63,0.002,0.002
5/12/2024,11:30:05 am,0,Double[12],0,0,0,116,0.006,1,0,0,62.26,62.63,0.002,0.002
5/12/2024,11:30:06 am,0,Double[12],0,0,0,116,0.006,1,0,0,62.26,62.63,0.002,0.002
5/12/2024,11:30:07 am,0,Double[12],0,0,0,116,0.006,1,0,0,62.26,62.63,0.002,0.002
5/12/2024,11:30:08 am,0,Double[12],0,0,0,116,0.006,1,0,0,62.26,62.63,0.002,0.002
5/12/2024,11:30:09 am,0,Double[12],0,0,0,116,0.006,1,0,0,62.26,62.63,0.002,0.002
5/12/2024,11:30:10 am,0,Double[12],0,0,0,116,0.006,1,0,0,62.26,62.63,0.002,0.002
5/12/2024,11:30:11 am,0,Double[12],0,0,0,116,0.004,1,0,0,62.26,62.63,0.002,0.002
5/12/2024,11:30:12 am,0,Double[12],0,0,0,116,0.004,1,0,0,62.26,62.63,0.002,0.002
5/12/2024,11:30:13 am,0,Double[12],0,0,0,116,0.006,1,0,0,62.26,62.63,0.002,0.002
5/12/2024,11:30:14 am,0,Double[12],0,0,0,116,0.006,1,0,0,62.26,62.63,0.002,0.002
5/12/2024,11:30:15 am,0,Double[12],0,0,0,116,0.006,1,0,0,62.26,62.63,0.002,0.002
5/12/2024,11:30:16 am,0,Double[12],0,0,0,116,0.006,1,0,0,62.26,62.63,0.002,0.002
5/12/2024,11:30:17 am,0,Double[12],0,0,0,116,0.006,1,0,0,62.26,62.63,0.002,0.002
5/12/2024,11:30:18 am,0,Double[12],0,0,0,116,0.004,1,0,0,62.26,62.63,0.002,0.002
5/12/2024,11:30:19 am,0,Double[12],0,0,0,116,0.006,1,0,0,62.26,62.63,0.002,0.002
5/12/2024,11:30:20 am,0,Double[12],0,0,0,116,0.006,1,0,0,62.26,62.63,0.002,0.002
5/12/2024,11:30:21 am,0,Double[12],0,0,0,116,0.004,1,0,0,62.26,62.63,0.002,0.002
5/12/2024,11:30:22 am,0,Double[12],0,0,0,116,0.004,1,0,0,62.26,62.63,0.002,0.002
5/12/2024,11:30:23 am,0,Double[12],0,0,0,115,0.004,1,0,0,62.26,62.63,0.002,0.002
5/12/2024,11:30:24 am,0,Double[12],0,0,0,115,0.004,1,0,0,62.26,62.63,0.002,0.002
5/12/2024,11:30:25 am,0,Double[12],0,0,0,115,0.004,1,0,0,62.26,62.63,0.002,0.002
5/12/2024,11:30:26 am,0,Double[12],0,0,0,115,0.006,1,0,0,62.26,62.63,0.002,0.002
5/12/2024,11:30:27 am,0,Double[12],0,0,0,115,0.006,1,0,0,62.26,62.63,0.002,0.002
5/12/2024,11:30:28 am,0,Double[12],0,0,0,115,0.006,1,0,0,62.26,62.63,0.002,0.002
5/12/2024,11:30:29 am,0,Double[12],0,0,0,115,0.006,1,0,0,62.26,62.63,0.002,0.002
5/12/2024,11:30:30 am,0,Double[12],0,0,0,115,0.004,1,0,0,62.26,62.63,0.002,0.002
5/12/2024,11:30:31 am,0,Double[12],0,0,0,115,0.004,1,0,0,62.26,62.63,0.002,0.002
5/12/2024,11:30:32 am,0,Double[12],0,0,0,115,0.006,1,0,0,62.26,62.63,0.002,0.002
5/12/2024,11:30:33 am,0,Double[12],0,0,0,115,0.004,1,0,0,62.26,62.63,0.002,0.002
5/12/2024,11:30:34 am,0,Double[12],0,0,0,115,0.004,1,0,0,62.26,62.63,0.002,0.002
5/12/2024,11:30:35 am,0,Double[12],0,0,0,115,0.004,1,0,0,62.26,62.63,0.002,0.002
5/12/2024,11:30:36 am,0,Double[12],0,0,0,115,0.006,1,0,0,62.26,62.63,0.002,0.002
5/12/2024,11:30:37 am,0,Double[12],0,0,0,115,0.006,1,0,0,62.26,62.63,0.002,0.002
5/12/2024,11:30:38 am,0,Double[12],0,0,0,115,0.006,1,0,0,62.26,62.63,0.002,0.002
5/12/2024,11:30:39 am,0,Double[12],0,0,0,115,0.006,1,0,0,62.26,62.63,0.002,0.002
5/12/2024,11:30:40 am,0,Double[12],0,0,0,115,0.006,1,0,0,62.26,62.63,0.002,0.002
5/12/2024,11:30:41 am,0,Double[12],0,0,0,115,0.006,1,0,0,62.26,62.63,0.002,0.002
5/12/2024,11:30:42 am,0,Double[12],0,0,0,115,0.006,1,0,0,62.26,62.63,0.002,0.002
5/12/2024,11:30:43 am,0,Double[12],0,0,0,115,0.006,1,0,0,62.26,62.63,0.002,0.002
5/12/2024,11:30:44 am,0,Double[12],0,0,0,115,0.006,1,0,0,62.26,62.63,0.002,0.002
5/12/2024,11:30:45 am,0,Double[12],0,0,0,115,0.006,1,0,0,62.26,62.63,0.002,0.002
5/12/2024,11:30:46 am,0,Double[12],0,0,0,115,0.006,1,0,0,62.26,62.63,0.002,0.002
5/12/2024,11:30:47 am,0,Double[12],0,0,0,115,0.004,1,0,0,62.26,62.63,0.002,0.002
5/12/2024,11:30:48 am,0,Double[12],0,0,0,115,0.006,1,0,0,62.26,62.63,0.002,0.002
5/12/2024,11:30:49 am,0,Double[12],0,0,0,115,0.006,1,0,0,62.26,62.63,0.002,0.002
5/12/2024,11:30:50 am,0,Double[12],0,0,0,115,0.006,1,0,0,62.26,62.63,0.002,0.002
5/12/2024,11:30:51 am,0,Double[12],0,0,0,114,0.006,1,0,0,62.26,62.63,0.002,0.002
5/12/2024,11:30:52 am,0,Double[12],0,0,0,114,0.006,1,0,0,62.26,62.63,0.002,0.002
5/12/2024,11:30:53 am,0,Double[12],0,0,0,114,0.006,1,0,0,62.26,62.63,0.002,0.002
5/12/2024,11:30:54 am,0,Double[12],0,0,0,114,0.006,1,0,0,62.26,62.63,0.002,0.002
5/12/2024,11:30:55 am,0,Double[12],0,0,0,114,0.006,1,0,0,62.26,62.63,0.002,0.002
5/12/2024,11:30:56 am,0,Double[12],0,0,0,114,0.006,1,0,0,62.26,62.63,0.002,0.002
5/12/2024,11:30:57 am,0,Double[12],0,0,0,114,0.006,1,0,0,62.26,62.63,0.002,0.002
5/12/2024,11:30:58 am,0,Double[12],0,0,0,114,0.006,1,0,0,62.26,62.63,0.002,0.002
5/12/2024,11:30:59 am,0,Double[12],0,0,0,114,0.004,1,9.6,0,62.26,62.63,0.015,0.002
5/12/2024,11:31:00 am,0,Double[12],0,0,0,114,0.006,1,0,0,62.26,62.63,0.002,0.002
5/12/2024,11:31:01 am,0,Double[12],0,0,0,114,0.004,1,0,0,62.26,62.63,0.002,0.002
5/12/2024,11:31:02 am,0,Double[12],0,0,0,114,0.004,1,0,0,62.26,62.63,0.002,0.002
5/12/2024,11:31:03 am,0,Double[12],0,0,0,114,0.006,1,0,0,62.26,62.63,0.002,0.002
5/12/2024,11:31:04 am,0,Double[12],0,0,0,114,0.006,1,0,0,62.26,62.63,0.002,0.002
5/12/2024,11:31:05 am,0,Double[12],0,0,0,114,0.006,1,0,0,62.26,62.63,0.002,0.002
5/12/2024,11:31:06 am,0,Double[12],0,0,0,114,0.006,1,0,0,62.26,62.63,0.002,0.002
5/12/2024,11:31:07 am,0,Double[12],0,0,0,114,0.004,1,6.8,0,62.26,62.63,0.002,0.002
5/12/2024,11:31:08 am,0,Double[12],0,0,0,114,0.256,24,6.8,0,62.26,62.63,0.072,0.002
5/12/2024,11:31:09 am,0,Double[12],0,0,0,112,0.426,101,6.8,0,62.26,62.63,0.165,0.002
5/12/2024,11:31:10 am,0,Double[12],0,0,0,110,0.318,101,6.8,0,62.26,62.63,0.202,0.002
5/12/2024,11:31:11 am,0,Double[12],0,0,0,109,0.222,101,13.6,0,62.26,62.63,0.235,0.002
5/12/2024,11:31:12 am,0,Double[12],0,0,0,108,0.153,101,94.8,0,62.26,62.63,0.342,0.002
5/12/2024,11:31:13 am,0,Double[12],0,0,0,107,0.148,108,176.7,0,62.26,62.63,0.482,0.002
5/12/2024,11:31:14 am,0,Double[12],0,0,0,107,0.245,132,238,0,62.26,62.63,0.6,0.002
5/12/2024,11:31:15 am,0,Double[12],0,0,0,106,0.354,163,284.6,0,62.26,62.63,0.72,0.002
5/12/2024,11:31:16 am,0,Double[12],0,0,0,106,0.472,194,313.4,0,62.26,62.63,0.85,0.002
5/12/2024,11:31:17 am,0,Double[12],0,0,0,106,0.592,231,340.9,0,62.26,62.63,0.972,0.002
5/12/2024,11:31:18 am,0,Double[12],0,0,0,105,0.712,279,368.5,0,62.26,62.63,1.107,0.002
5/12/2024,11:31:19 am,0,Double[12],0,0,0,104,0.825,326,391.7,0,62.26,62.63,1.222,0.002
5/12/2024,11:31:20 am,0,Double[12],0,0,0,104,0.937,381,408.2,0,62.26,62.63,1.345,0.002
5/12/2024,11:31:21 am,0,Double[12],0,0,0,104,1.05,443,421.6,0,62.26,62.63,1.46,0.002
5/12/2024,11:31:22 am,0,Double[12],0,0,0,104,1.161,400,435.1,0,62.26,62.63,1.572,0.002
5/12/2024,11:31:23 am,0,Double[12],0,0,0,103,1.269,415,447.7,0,62.26,62.63,1.687,0.002
5/12/2024,11:31:24 am,0,Double[12],0,0,0,103,1.378,484,458.1,0,62.26,62.63,1.805,0.002
5/12/2024,11:31:25 am,0,Double[12],0,0,0,103,1.484,558,474.6,0,62.26,62.63,1.92,0.002
5/12/2024,11:31:26 am,0,Double[12],0,0,0,103,1.589,635,486.9,0,62.26,62.63,2.035,0.002
5/12/2024,11:31:27 am,0,Double[12],0,0,0,103,1.692,710,500.3,0,62.26,62.63,2.15,0.002
5/12/2024,11:31:28 am,0,Double[12],0,0,0,103,1.795,772,520.6,0,62.26,62.63,2.265,0.002
5/12/2024,11:31:29 am,0,Double[12],0,0,0,103,1.901,836,527.6,0,62.26,62.63,2.377,0.002
5/12/2024,11:31:30 am,0,Double[12],0,0,0,103,2.004,901,543.6,0,62.26,62.63,2.492,0.002
5/12/2024,11:31:31 am,0,Double[12],0,0,0,103,2.121,965,570.3,0,62.26,62.63,2.64,0.002
5/12/2024,11:31:32 am,0,Double[12],0,0,0,103,2.221,1030,581.1,0,62.26,62.63,2.64,0.002
5/12/2024,11:31:33 am,0,Double[12],0,0,0,105,2.273,1088,390.1,0,62.26,62.63,2.527,0.002
5/12/2024,11:31:34 am,0,Double[12],0,0,0,110,2.304,1143,195.2,0,62.26,62.63,2.447,0.002
5/12/2024,11:31:35 am,0,Double[12],0,0,0,115,2.352,1203,183.5,0,62.26,62.63,2.487,0.002
5/12/2024,11:31:36 am,0,Double[12],0,0,0,125,2.432,1262,307.8,0,62.26,62.63,2.595,0.002
5/12/2024,11:31:37 am,0,Double[12],0,0,0,137,2.515,1320,336.5,0,62.26,62.63,2.65,0.002
5/12/2024,11:31:38 am,0,Double[12],0,0,0,147,2.584,1377,264.7,0,62.26,62.63,2.662,0.002
5/12/2024,11:31:39 am,0,Double[12],0,0,0,164,2.636,1433,177.9,0,62.26,62.63,2.67,0.002
5/12/2024,11:31:40 am,0,Double[12],0,0,0,183,2.692,1485,147.5,0,62.26,62.63,2.727,0.002
5/12/2024,11:31:41 am,0,Double[12],0,0,0,197,2.78,1538,190,0,62.26,62.63,2.822,0.002
5/12/2024,11:31:42 am,0,Double[12],0,0,0,219,2.881,1584,234.1,0,62.26,62.63,2.935,0.002
5/12/2024,11:31:43 am,0,Double[12],0,0,0,243,2.981,1626,248.4,0,62.26,62.63,3.027,0.002
5/12/2024,11:31:44 am,0,Double[12],0,0,0,259,3.057,1669,204.4,0,62.26,62.63,3.082,0.002
5/12/2024,11:31:45 am,0,Double[12],0,0,0,285,3.128,1701,150.6,0,62.26,62.63,3.15,0.002
5/12/2024,11:31:46 am,0,Double[12],0,0,0,340,3.219,1734,151.8,0,62.26,62.63,3.237,0.002
5/12/2024,11:31:47 am,0,Double[12],0,0,0,346,3.317,1772,174.9,0,62.26,62.63,3.342,0.002
5/12/2024,11:31:48 am,0,Double[12],0,0,0,365,3.425,1804,197,0,62.26,62.63,3.452,0.002
5/12/2024,11:31:49 am,0,Double[12],0,0,0,390,3.532,1832,206.7,0,62.26,62.63,3.562,0.002
5/12/2024,11:31:50 am,0,Double[12],0,0,0,435,3.637,1880,205.1,0,62.26,62.63,3.662,0.002
5/12/2024,11:31:51 am,0,Double[12],0,0,0,447,3.73,1921,175.5,0,62.26,62.63,3.75,0.002
5/12/2024,11:31:52 am,0,Double[12],0,0,0,469,3.826,1949,161.5,0,62.26,62.63,3.842,0.002
5/12/2024,11:31:53 am,0,Double[12],0,0,0,486,3.929,1959,171.5,0,62.26,62.64,3.947,0.002
5/12/2024,11:31:54 am,0,Double[12],0,0,0,532,4.029,1993,188.2,0,62.26,62.63,4.055,0.002
5/12/2024,11:31:55 am,0,Double[12],0,0,0,547,4.125,2007,204.6,0,62.26,62.63,4.157,0.002
5/12/2024,11:31:56 am,0,Double[12],0,0,0,561,4.22,2005,221.6,0,62.26,62.63,4.255,0.002
5/12/2024,11:31:57 am,0,Double[12],0,0,0,584,4.302,2019,215.5,0,62.26,62.63,4.332,0.002
5/12/2024,11:31:58 am,0,Double[12],0,0,0,608,4.367,2036,196.8,0,62.26,62.63,4.4,0.002
5/12/2024,11:31:59 am,0,Double[12],0,0,0,623,4.436,2043,199.1,0,62.26,62.63,4.47,0.002
5/12/2024,11:32:00 am,0,Double[12],0,0,0,646,4.514,2064,226.5,0,62.26,62.63,4.557,0.002
5/12/2024,11:32:01 am,0,Double[12],0,0,0,667,4.588,2074,244.4,0,62.26,62.63,4.635,0.002
5/12/2024,11:32:02 am,0,Double[12],0,0,0,681,4.652,2076,231.9,0,62.26,62.63,4.692,0.002
5/12/2024,11:32:03 am,0,Double[12],0,0,0,702,4.701,2077,200.3,0,62.26,62.63,4.737,0.002
5/12/2024,11:32:04 am,0,Double[12],0,0,0,720,4.74,2062,192,0,62.26,62.63,4.785,0.002
5/12/2024,11:32:05 am,0,Double[12],0,0,0,731,4.792,2046,237.2,0,62.26,62.63,4.862,0.002
5/12/2024,11:32:06 am,0,Double[12],0,0,0,745,4.848,2045,285.1,0,62.26,62.63,4.93,0.002
5/12/2024,11:32:07 am,0,Double[12],0,0,0,758,4.887,2052,273.8,0,62.26,62.63,4.965,0.002
5/12/2024,11:32:08 am,0,Double[12],0,0,0,766,4.904,2036,234.8,0,62.26,62.63,4.98,0.002
5/12/2024,11:32:09 am,0,Double[12],0,0,0,778,4.911,2029,217.7,0,62.26,62.63,4.99,0.002
5/12/2024,11:32:10 am,0,Double[12],0,0,0,788,4.931,2043,232.4,0,62.26,62.63,5.022,0.002
5/12/2024,11:32:11 am,0,Double[12],0,0,0,795,4.96,2033,270.2,0,62.26,62.63,5.062,0.002
5/12/2024,11:32:12 am,0,Double[12],0,0,0,803,4.978,2021,289.1,0,62.26,62.63,5.095,0.002
5/12/2024,11:32:13 am,0,Double[12],0,0,0,811,4.99,2012,281.7,0,62.26,62.63,5.11,0.002
5/12/2024,11:32:14 am,0,Double[12],0,0,0,816,5.002,1988,273.5,0,62.26,62.63,5.12,0.002
5/12/2024,11:32:15 am,0,Double[12],0,0,0,822,5.007,1983,267.4,0,62.26,62.63,5.127,0.002
5/12/2024,11:32:16 am,0,Double[12],0,0,0,829,5.012,1979,266.2,0,62.26,62.63,5.135,0.002
5/12/2024,11:32:17 am,0,Double[12],0,0,0,833,5.012,1967,265.9,0,62.26,62.63,5.137,0.002
5/12/2024,11:32:18 am,0,Double[12],0,0,0,838,5.012,1954,266.9,0,62.26,62.63,5.14,0.002
5/12/2024,11:32:19 am,0,Double[12],0,0,0,843,4.998,1942,267.8,0,62.26,62.63,5.14,0.002
5/12/2024,11:32:20 am,0,Double[12],0,0,0,846,4.988,1930,275.5,0,62.26,62.63,5.137,0.002
5/12/2024,11:32:21 am,0,Double[12],0,0,0,850,4.993,1918,281.9,0,62.26,62.63,5.137,0.002
5/12/2024,11:32:22 am,0,Double[12],0,0,0,854,5.002,1906,288.7,0,62.26,62.63,5.147,0.002
5/12/2024,11:32:23 am,0,Double[12],0,0,0,856,5.009,1894,293,0,62.26,62.63,5.155,0.002
5/12/2024,11:32:24 am,0,Double[12],0,0,0,860,5.014,1883,291.5,0,62.26,62.63,5.162,0.002
5/12/2024,11:32:25 am,0,Double[12],0,0,0,864,5.014,1875,292,0,62.26,62.63,5.167,0.002
5/12/2024,11:32:26 am,0,Double[12],0,0,0,866,5.014,1864,291.4,0,62.26,62.63,5.167,0.002
5/12/2024,11:32:27 am,0,Double[12],0,0,0,869,5.009,1864,292.3,0,62.26,62.63,5.17,0.002
5/12/2024,11:32:28 am,0,Double[12],0,0,0,871,5.007,1858,295.6,0,62.26,62.63,5.167,0.002
5/12/2024,11:32:29 am,0,Double[12],0,0,0,873,5.004,1844,297.8,0,62.26,62.63,5.17,0.002
5/12/2024,11:32:30 am,0,Double[12],0,0,0,876,5.007,1832,302.2,0,62.26,62.63,5.172,0.002
5/12/2024,11:32:31 am,0,Double[12],0,0,0,878,5.007,1830,302.2,0,62.26,62.63,5.175,0.002
5/12/2024,11:32:32 am,0,Double[12],0,0,0,880,5.009,1825,303.6,0,62.26,62.63,5.177,0.002
5/12/2024,11:32:33 am,0,Double[12],0,0,0,882,5.012,1823,301.9,0,62.26,62.63,5.177,0.002
5/12/2024,11:32:34 am,0,Double[12],0,0,0,884,5.012,1823,299.4,0,62.26,62.63,5.177,0.002
5/12/2024,11:32:35 am,0,Double[12],0,0,0,885,5.012,1820,296.8,0,62.26,62.63,5.177,0.002
5/12/2024,11:32:36 am,0,Double[12],0,0,0,887,5.009,1820,296.8,0,62.26,62.63,5.177,0.002
5/12/2024,11:32:37 am,0,Double[12],0,0,0,890,5.009,1813,299.4,0,62.26,62.63,5.177,0.002
5/12/2024,11:32:38 am,0,Double[12],0,0,0,891,5.004,1811,299.5,0,62.26,62.63,5.175,0.002
5/12/2024,11:32:39 am,0,Double[12],0,0,0,893,5.002,1815,301,0,62.26,62.63,5.175,0.002
5/12/2024,11:32:40 am,0,Double[12],0,0,0,895,5.002,1808,301.8,0,62.26,62.63,5.175,0.002
5/12/2024,11:32:41 am,0,Double[12],0,0,0,896,5.002,1806,303.2,0,62.26,62.63,5.175,0.002
5/12/2024,11:32:42 am,0,Double[12],0,0,0,897,5.004,1803,303.2,0,62.26,62.63,5.175,0.002
5/12/2024,11:32:43 am,0,Double[12],0,0,0,899,5.002,1803,300.6,0,62.26,62.63,5.175,0.002
5/12/2024,11:32:44 am,0,Double[12],0,0,0,900,5.004,1806,299.4,0,62.26,62.63,5.175,0.002
5/12/2024,11:32:45 am,0,Double[12],0,0,0,902,5.004,1804,298.2,0,62.26,62.63,5.175,0.002
5/12/2024,11:32:46 am,0,Double[12],0,0,0,904,5.007,1806,298.2,0,62.26,62.63,5.177,0.002
5/12/2024,11:32:47 am,0,Double[12],0,0,0,905,5.007,1806,300.2,0,62.26,62.63,5.177,0.002
5/12/2024,11:32:48 am,0,Double[12],0,0,0,906,5.007,1801,301.8,0,62.26,62.63,5.177,0.002
5/12/2024,11:32:49 am,0,Double[12],0,0,0,908,5.007,1799,301.8,0,62.26,62.63,5.177,0.002
5/12/2024,11:32:50 am,0,Double[12],0,0,0,909,5.007,1797,299.5,0,62.26,62.63,5.177,0.002
5/12/2024,11:32:51 am,0,Double[12],0,0,0,910,5.009,1799,299.4,0,62.26,62.63,5.177,0.002
5/12/2024,11:32:52 am,0,Double[12],0,0,0,912,5.012,1797,298.3,0,62.26,62.63,5.177,0.002
5/12/2024,11:32:53 am,0,Double[12],0,0,0,913,5.014,1792,295.6,0,62.26,62.63,5.18,0.002
5/12/2024,11:32:54 am,0,Double[12],0,0,0,914,5.014,1792,294.7,0,62.26,62.63,5.182,0.002
5/12/2024,11:32:55 am,0,Double[12],0,0,0,916,5.009,1796,297.4,0,62.26,62.63,5.182,0.002
5/12/2024,11:32:56 am,0,Double[12],0,0,0,917,4.999,1801,298,0,62.26,62.63,5.177,0.002
5/12/2024,11:32:57 am,0,Double[12],0,0,0,918,4.995,1797,299.8,0,62.26,62.63,5.172,0.002
5/12/2024,11:32:58 am,0,Double[12],0,0,0,919,4.995,1792,299.5,0,62.26,62.63,5.17,0.002
5/12/2024,11:32:59 am,0,Double[12],0,0,0,920,4.998,1792,301.1,0,62.26,62.63,5.17,0.002
5/12/2024,11:33:00 am,0,Double[12],0,0,0,921,4.998,1789,301.6,0,62.26,62.63,5.172,0.002
5/12/2024,11:33:01 am,0,Double[12],0,0,0,922,4.999,1784,302.6,0,62.26,62.63,5.175,0.002
5/12/2024,11:33:02 am,0,Double[12],0,0,0,923,4.999,1784,301.9,0,62.26,62.63,5.175,0.002
5/12/2024,11:33:03 am,0,Double[12],0,0,0,924,4.999,1784,303,0,62.26,62.63,5.177,0.002
5/12/2024,11:33:04 am,0,Double[12],0,0,0,925,5.002,1780,303.8,0,62.26,62.63,5.177,0.002
5/12/2024,11:33:05 am,0,Double[12],0,0,0,926,5.002,1782,302.6,0,62.26,62.63,5.177,0.002
5/12/2024,11:33:06 am,0,Double[12],0,0,0,927,5.002,1784,301.1,0,62.26,62.63,5.177,0.002
5/12/2024,11:33:07 am,0,Double[12],0,0,0,928,5.002,1784,298.2,0,62.26,62.63,5.175,0.002
5/12/2024,11:33:08 am,0,Double[12],0,0,0,929,5.002,1784,297.4,0,62.26,62.63,5.175,0.002
5/12/2024,11:33:09 am,0,Double[12],0,0,0,930,5.004,1780,298.3,0,62.26,62.63,5.175,0.002
5/12/2024,11:33:10 am,0,Double[12],0,0,0,931,5.004,1780,299.9,0,62.26,62.63,5.177,0.002
5/12/2024,11:33:11 am,0,Double[12],0,0,0,932,5.002,1772,300.2,0,62.26,62.63,5.177,0.002
5/12/2024,11:33:12 am,0,Double[12],0,0,0,933,5.002,1761,301.6,0,62.26,62.63,5.177,0.002
5/12/2024,11:33:13 am,0,Double[12],0,0,0,934,5.004,1761,299.5,0,62.26,62.63,5.177,0.002
5/12/2024,11:33:14 am,0,Double[12],0,0,0,935,5.004,1763,296.6,0,62.26,62.63,5.177,0.002
5/12/2024,11:33:15 am,0,Double[12],0,0,0,936,5.002,1763,295.4,0,62.26,62.63,5.177,0.002
5/12/2024,11:33:16 am,0,Double[12],0,0,0,937,5.004,1760,295.6,0,62.26,62.63,5.177,0.002
5/12/2024,11:33:17 am,0,Double[12],0,0,0,938,5.004,1758,299.9,0,62.26,62.63,5.177,0.002
5/12/2024,11:33:18 am,0,Double[12],0,0,0,939,5.004,1758,303,0,62.26,62.63,5.18,0.002
5/12/2024,11:33:19 am,0,Double[12],0,0,0,940,5.004,1758,302.2,0,62.26,62.63,5.18,0.002
5/12/2024,11:33:20 am,0,Double[12],0,0,0,941,5.004,1754,300.7,0,62.26,62.63,5.18,0.002
5/12/2024,11:33:21 am,0,Double[12],0,0,0,942,5.007,1753,296.8,0,62.26,62.63,5.18,0.002
5/12/2024,11:33:22 am,0,Double[12],0,0,0,943,5.007,1749,295.6,0,62.26,62.63,5.182,0.002
5/12/2024,11:33:23 am,0,Double[12],0,0,0,943,5.009,1749,299.4,0,62.26,62.63,5.182,0.002
5/12/2024,11:33:24 am,0,Double[12],0,0,0,944,5.012,1749,300.7,0,62.26,62.63,5.185,0.002
5/12/2024,11:33:25 am,0,Double[12],0,0,0,945,5.012,1758,301.1,0,62.26,62.63,5.187,0.002
5/12/2024,11:33:26 am,0,Double[12],0,0,0,946,5.009,1767,303.2,0,62.26,62.63,5.187,0.002
5/12/2024,11:33:27 am,0,Double[12],0,0,0,947,5.002,1767,300.7,0,62.26,62.63,5.187,0.002
5/12/2024,11:33:28 am,0,Double[12],0,0,0,947,4.999,1760,299.9,0,62.26,62.63,5.182,0.002
5/12/2024,11:33:29 am,0,Double[12],0,0,0,948,4.998,1758,299.9,0,62.26,62.63,5.18,0.002
5/12/2024,11:33:30 am,0,Double[12],0,0,0,949,4.998,1758,303.6,0,62.26,62.63,5.18,0.002
5/12/2024,11:33:31 am,0,Double[12],0,0,0,950,4.998,1758,303.8,0,62.26,62.63,5.177,0.002
5/12/2024,11:33:32 am,0,Double[12],0,0,0,950,4.998,1753,303.8,0,62.26,62.63,5.177,0.002
5/12/2024,11:33:33 am,0,Double[12],0,0,0,951,4.995,1751,302.4,0,62.26,62.63,5.175,0.002
5/12/2024,11:33:34 am,0,Double[12],0,0,0,952,4.995,1754,300.2,0,62.26,62.63,5.175,0.002
5/12/2024,11:33:35 am,0,Double[12],0,0,0,952,4.995,1749,299.4,0,62.26,62.63,5.175,0.002
5/12/2024,11:33:36 am,0,Double[12],0,0,0,953,4.995,1749,301.1,0,62.26,62.63,5.175,0.002
5/12/2024,11:33:37 am,0,Double[12],0,0,0,954,4.995,1748,303.2,0,62.26,62.63,5.175,0.002
5/12/2024,11:33:38 am,0,Double[12],0,0,0,955,4.995,1749,302.8,0,62.26,62.63,5.175,0.002
5/12/2024,11:33:39 am,0,Double[12],0,0,0,955,4.995,1749,300.2,0,62.26,62.63,5.175,0.002
5/12/2024,11:33:40 am,0,Double[12],0,0,0,956,4.998,1741,299.4,0,62.26,62.63,5.175,0.002
5/12/2024,11:33:41 am,0,Double[12],0,0,0,957,4.993,1739,301.4,0,62.26,62.63,5.175,0.002
5/12/2024,11:33:42 am,0,Double[12],0,0,0,957,4.993,1744,299.4,0,62.26,62.63,5.175,0.002
5/12/2024,11:33:43 am,0,Double[12],0,0,0,958,4.993,1741,301.6,0,62.26,62.63,5.175,0.002
5/12/2024,11:33:44 am,0,Double[12],0,0,0,959,4.995,1741,301.6,0,62.26,62.63,5.175,0.002
5/12/2024,11:33:45 am,0,Double[12],0,0,0,959,4.998,1742,299,0,62.26,62.63,5.175,0.002
5/12/2024,11:33:46 am,0,Double[12],0,0,0,960,4.998,1746,297.1,0,62.26,62.63,5.177,0.002
5/12/2024,11:33:47 am,0,Double[12],0,0,0,961,4.998,1746,296.2,0,62.26,62.63,5.175,0.002
5/12/2024,11:33:48 am,0,Double[12],0,0,0,961,4.998,1741,297.8,0,62.26,62.63,5.177,0.002
5/12/2024,11:33:49 am,0,Double[12],0,0,0,962,4.999,1748,299,0,62.26,62.63,5.177,0.002
5/12/2024,11:33:50 am,0,Double[12],0,0,0,963,4.999,1748,299.9,0,62.26,62.63,5.18,0.002
5/12/2024,11:33:51 am,0,Double[12],0,0,0,963,4.999,1744,299.2,0,62.26,62.63,5.18,0.002
5/12/2024,11:33:52 am,0,Double[12],0,0,0,964,5.002,1741,297.4,0,62.26,62.63,5.18,0.002
5/12/2024,11:33:53 am,0,Double[12],0,0,0,964,5.002,1751,295.6,0,62.26,62.63,5.18,0.002
5/12/2024,11:33:54 am,0,Double[12],0,0,0,965,5.002,1754,296.3,0,62.26,62.63,5.182,0.002
5/12/2024,11:33:55 am,0,Double[12],0,0,0,966,4.999,1761,301.4,0,62.26,62.63,5.182,0.002
5/12/2024,11:33:56 am,0,Double[12],0,0,0,967,4.999,1758,302.4,0,62.26,62.63,5.182,0.002
5/12/2024,11:33:57 am,0,Double[12],0,0,0,967,4.999,1760,302.4,0,62.26,62.63,5.182,0.002
5/12/2024,11:33:58 am,0,Double[12],0,0,0,968,5.002,1758,299.2,0,62.26,62.63,5.182,0.002
5/12/2024,11:33:59 am,0,Double[12],0,0,0,968,5.002,1758,299.5,0,62.26,62.63,5.185,0.002
5/12/2024,11:34:00 am,0,Double[12],0,0,0,969,5.002,1758,298.2,0,62.26,62.62,5.185,0.002
5/12/2024,11:34:01 am,0,Double[12],0,0,0,970,5.007,1763,298.7,0,62.26,62.62,5.185,0.002
5/12/2024,11:34:02 am,0,Double[12],0,0,0,970,5.007,1767,299.9,0,62.26,62.62,5.185,0.002
5/12/2024,11:34:03 am,0,Double[12],0,0,0,971,5.007,1770,298.7,0,62.26,62.62,5.185,0.002
5/12/2024,11:34:04 am,0,Double[12],0,0,0,972,5.007,1768,298.3,0,62.26,62.62,5.185,0.002
5/12/2024,11:34:05 am,0,Double[12],0,0,0,972,5.007,1768,297.1,0,62.26,62.63,5.185,0.002
5/12/2024,11:34:06 am,0,Double[12],0,0,0,972,5.009,1763,297.8,0,62.26,62.63,5.185,0.002
5/12/2024,11:34:07 am,0,Double[12],0,0,0,973,5.009,1761,299.5,0,62.26,62.63,5.187,0.002
5/12/2024,11:34:08 am,0,Double[12],0,0,0,973,5.009,1754,301,0,62.26,62.63,5.187,0.002
5/12/2024,11:34:09 am,0,Double[12],0,0,0,974,5.009,1749,299.5,0,62.26,62.62,5.187,0.002
5/12/2024,11:34:10 am,0,Double[12],0,0,0,975,5.012,1758,297.8,0,62.26,62.63,5.187,0.002
5/12/2024,11:34:11 am,0,Double[12],0,0,0,975,5.009,1765,298.2,0,62.26,62.63,5.187,0.002
5/12/2024,11:34:12 am,0,Double[12],0,0,0,976,5.012,1770,299,0,62.26,62.63,5.19,0.002
5/12/2024,11:34:13 am,0,Double[12],0,0,0,976,5.012,1765,299.8,0,62.26,62.63,5.19,0.002
5/12/2024,11:34:14 am,0,Double[12],0,0,0,977,5.009,1768,301,0,62.26,62.63,5.19,0.002
5/12/2024,11:34:15 am,0,Double[12],0,0,0,977,5.009,1758,299,0,62.26,62.63,5.187,0.002
5/12/2024,11:34:16 am,0,Double[12],0,0,0,978,5.007,1758,297,0,62.26,62.63,5.187,0.002
5/12/2024,11:34:17 am,0,Double[12],0,0,0,978,5.007,1758,297.1,0,62.26,62.63,5.187,0.002
5/12/2024,11:34:18 am,0,Double[12],0,0,0,979,5.004,1758,299.5,0,62.26,62.63,5.187,0.002
5/12/2024,11:34:19 am,0,Double[12],0,0,0,979,5.004,1753,300.7,0,62.26,62.63,5.187,0.002
5/12/2024,11:34:20 am,0,Double[12],0,0,0,980,5.004,1751,301.6,0,62.26,62.63,5.187,0.002
5/12/2024,11:34:21 am,0,Double[12],0,0,0,980,5.002,1749,301.1,0,62.26,62.63,5.187,0.002
5/12/2024,11:34:22 am,0,Double[12],0,0,0,981,4.999,1749,300.4,0,62.26,62.63,5.187,0.002
5/12/2024,11:34:23 am,0,Double[12],0,0,0,981,4.999,1749,302.2,0,62.26,62.63,5.187,0.002
5/12/2024,11:34:24 am,0,Double[12],0,0,0,982,4.999,1742,303.2,0,62.26,62.63,5.187,0.002
5/12/2024,11:34:25 am,0,Double[12],0,0,0,982,5.002,1724,303.6,0,62.26,62.63,5.187,0.002
5/12/2024,11:34:26 am,0,Double[12],0,0,0,983,5.002,1724,301.6,0,62.26,62.63,5.187,0.002
5/12/2024,11:34:27 am,0,Double[12],0,0,0,983,5.002,1727,299.9,0,62.26,62.63,5.187,0.002
5/12/2024,11:34:28 am,0,Double[12],0,0,0,984,4.999,1727,299.9,0,62.26,62.63,5.185,0.002
5/12/2024,11:34:29 am,0,Double[12],0,0,0,984,4.999,1724,301.8,0,62.26,62.63,5.185,0.002
5/12/2024,11:34:30 am,0,Double[12],0,0,0,985,4.999,1724,301,0,62.26,62.63,5.185,0.002
5/12/2024,11:34:31 am,0,Double[12],0,0,0,985,4.999,1722,301.1,0,62.26,62.63,5.185,0.002
5/12/2024,11:34:32 am,0,Double[12],0,0,0,986,4.999,1725,301.4,0,62.26,62.63,5.185,0.002
5/12/2024,11:34:33 am,0,Double[12],0,0,0,986,5.002,1732,298.3,0,62.26,62.63,5.185,0.002
5/12/2024,11:34:34 am,0,Double[12],0,0,0,987,5.002,1736,298.3,0,62.26,62.63,5.185,0.002
5/12/2024,11:34:35 am,0,Double[12],0,0,0,987,5.002,1732,301.8,0,62.26,62.63,5.187,0.002
5/12/2024,11:34:36 am,0,Double[12],0,0,0,987,5.004,1737,301.4,0,62.26,62.63,5.187,0.002
5/12/2024,11:34:37 am,0,Double[12],0,0,0,988,5.004,1746,298.6,0,62.26,62.62,5.187,0.002
5/12/2024,11:34:38 am,0,Double[12],0,0,0,988,5.004,1746,297,0,62.26,62.63,5.187,0.002
5/12/2024,11:34:39 am,0,Double[12],0,0,0,989,5.004,1756,297.8,0,62.26,62.63,5.19,0.002
5/12/2024,11:34:40 am,0,Double[12],0,0,0,989,5.004,1758,302.4,0,62.26,62.63,5.19,0.002
5/12/2024,11:34:41 am,0,Double[12],0,0,0,990,5.009,1763,302.6,0,62.26,62.63,5.19,0.002
5/12/2024,11:34:42 am,0,Double[12],0,0,0,990,5.009,1763,299,0,62.26,62.63,5.19,0.002
5/12/2024,11:34:43 am,0,Double[12],0,0,0,990,5.009,1763,299.2,0,62.26,62.63,5.19,0.002
5/12/2024,11:34:44 am,0,Double[12],0,0,0,990,5.009,1763,299.4,0,62.26,62.63,5.19,0.002
5/12/2024,11:34:45 am,0,Double[12],0,0,0,989,5.007,1758,300.2,0,62.26,62.63,5.19,0.002
5/12/2024,11:34:46 am,0,Double[12],0,0,0,988,5.007,1754,299.9,0,62.26,62.63,5.187,0.002
5/12/2024,11:34:47 am,0,Double[12],0,0,0,988,5.004,1754,301,0,62.26,62.63,5.187,0.002
5/12/2024,11:34:48 am,0,Double[12],0,0,0,986,5.004,1754,300.4,0,62.26,62.63,5.187,0.002
5/12/2024,11:34:49 am,0,Double[12],0,0,0,985,5.002,1739,296.2,0,62.26,62.63,5.185,0.002
5/12/2024,11:34:50 am,0,Double[12],0,0,0,985,4.999,1725,298.2,0,62.26,62.63,5.182,0.002
5/12/2024,11:34:51 am,0,Double[12],0,0,0,984,4.999,1727,300.6,0,62.26,62.63,5.185,0.002
5/12/2024,11:34:52 am,0,Double[12],0,0,0,983,5.002,1724,302.2,0,62.26,62.63,5.185,0.002
5/12/2024,11:34:53 am,0,Double[12],0,0,0,983,5.002,1734,303,0,62.26,62.62,5.185,0.002
5/12/2024,11:34:54 am,0,Double[12],0,0,0,983,5.002,1732,301.4,0,62.26,62.62,5.187,0.002
5/12/2024,11:34:55 am,0,Double[12],0,0,0,983,5.002,1729,301.1,0,62.26,62.63,5.187,0.002
5/12/2024,11:34:56 am,0,Double[12],0,0,0,983,5.002,1732,302.4,0,62.26,62.63,5.187,0.002
5/12/2024,11:34:57 am,0,Double[12],0,0,0,984,5.004,1730,302.4,0,62.26,62.63,5.187,0.002
5/12/2024,11:34:58 am,0,Double[12],0,0,0,985,5.004,1724,302.4,0,62.26,62.63,5.187,0.002
5/12/2024,11:34:59 am,0,Double[12],0,0,0,986,5.007,1730,300.6,0,62.26,62.63,5.187,0.002
5/12/2024,11:35:00 am,0,Double[12],0,0,0,987,5.007,1725,298.7,0,62.26,62.63,5.19,0.002
5/12/2024,11:35:01 am,0,Double[12],0,0,0,989,5.009,1727,300.6,0,62.26,62.63,5.19,0.002
5/12/2024,11:35:02 am,0,Double[12],0,0,0,990,5.007,1727,300.4,0,62.26,62.63,5.19,0.002
5/12/2024,11:35:03 am,0,Double[12],0,0,0,992,5.007,1742,299.2,0,62.26,62.63,5.19,0.002
5/12/2024,11:35:04 am,0,Double[12],0,0,0,993,5.009,1751,298,0,62.26,62.63,5.192,0.002
5/12/2024,11:35:05 am,0,Double[12],0,0,0,994,5.009,1748,297,0,62.26,62.63,5.192,0.002
5/12/2024,11:35:06 am,0,Double[12],0,0,0,995,5.009,1753,298.2,0,62.26,62.63,5.192,0.002
5/12/2024,11:35:07 am,0,Double[12],0,0,0,996,5.009,1739,299.4,0,62.26,62.63,5.195,0.002
5/12/2024,11:35:08 am,0,Double[12],0,0,0,997,5.009,1732,298.2,0,62.26,62.63,5.192,0.002
5/12/2024,11:35:09 am,0,Double[12],0,0,0,998,5.009,1734,298.6,0,62.26,62.63,5.192,0.002
5/12/2024,11:35:10 am,0,Double[12],0,0,0,999,5.009,1727,297.5,0,62.26,62.63,5.192,0.002
5/12/2024,11:35:11 am,0,Double[12],0,0,0,999,5.007,1727,295.6,0,62.26,62.62,5.192,0.002
5/12/2024,11:35:12 am,0,Double[12],0,0,0,1000,5.007,1730,297.4,0,62.26,62.62,5.192,0.002
5/12/2024,11:35:13 am,0,Double[12],0,0,0,1001,5.012,1729,300.2,0,62.26,62.62,5.195,0.002
5/12/2024,11:35:14 am,0,Double[12],0,0,0,1001,5.017,1730,300.6,0,62.26,62.62,5.195,0.002
5/12/2024,11:35:15 am,0,Double[12],0,0,0,1001,5.019,1730,298.3,0,62.26,62.63,5.197,0.002
5/12/2024,11:35:16 am,0,Double[12],0,0,0,1000,5.022,1730,295,0,62.26,62.63,5.2,0.002
5/12/2024,11:35:17 am,0,Double[12],0,0,0,1000,5.022,1730,296.3,0,62.26,62.63,5.202,0.002
5/12/2024,11:35:18 am,0,Double[12],0,0,0,1000,5.017,1718,298.3,0,62.26,62.63,5.202,0.002
5/12/2024,11:35:19 am,0,Double[12],0,0,0,999,5.012,1713,297.4,0,62.26,62.63,5.2,0.002
5/12/2024,11:35:20 am,0,Double[12],0,0,0,999,5.004,1713,299.8,0,62.26,62.63,5.195,0.002
5/12/2024,11:35:21 am,0,Double[12],0,0,0,998,4.998,1706,298.7,0,62.26,62.63,5.192,0.002
5/12/2024,11:35:22 am,0,Double[12],0,0,0,997,4.998,1705,301.4,0,62.26,62.63,5.19,0.002
5/12/2024,11:35:23 am,0,Double[12],0,0,0,996,4.998,1705,304.2,0,62.26,62.63,5.187,0.002
5/12/2024,11:35:24 am,0,Double[12],0,0,0,996,4.993,1715,306.2,0,62.26,62.63,5.187,0.002
5/12/2024,11:35:25 am,0,Double[12],0,0,0,995,4.993,1722,303.4,0,62.26,62.63,5.185,0.002
5/12/2024,11:35:26 am,0,Double[12],0,0,0,995,4.99,1722,302.2,0,62.26,62.62,5.185,0.002
5/12/2024,11:35:27 am,0,Double[12],0,0,0,995,4.993,1722,303.8,0,62.26,62.62,5.182,0.002
5/12/2024,11:35:28 am,0,Double[12],0,0,0,994,4.995,1722,305,0,62.26,62.62,5.185,0.002
5/12/2024,11:35:29 am,0,Double[12],0,0,0,994,4.999,1722,303.4,0,62.26,62.62,5.185,0.002
5/12/2024,11:35:30 am,0,Double[12],0,0,0,994,4.999,1722,296.3,0,62.26,62.63,5.185,0.002
5/12/2024,11:35:31 am,0,Double[12],0,0,0,995,4.999,1722,297.4,0,62.26,62.63,5.185,0.002
5/12/2024,11:35:32 am,0,Double[12],0,0,0,995,5.002,1730,299.8,0,62.26,62.63,5.185,0.002
5/12/2024,11:35:33 am,0,Double[12],0,0,0,995,5.002,1736,299.4,0,62.26,62.63,5.187,0.002
5/12/2024,11:35:34 am,0,Double[12],0,0,0,996,5.004,1736,298.3,0,62.26,62.63,5.187,0.002
5/12/2024,11:35:35 am,0,Double[12],0,0,0,996,5.004,1739,298,0,62.26,62.63,5.187,0.002
5/12/2024,11:35:36 am,0,Double[12],0,0,0,997,5.004,1744,295,0,62.26,62.62,5.187,0.002
5/12/2024,11:35:37 am,0,Double[12],0,0,0,997,5.004,1744,295.9,0,62.26,62.62,5.19,0.002
5/12/2024,11:35:38 am,0,Double[12],0,0,0,998,5.002,1739,299.2,0,62.26,62.62,5.19,0.002
5/12/2024,11:35:39 am,0,Double[12],0,0,0,998,4.999,1736,299.2,0,62.26,62.62,5.19,0.002
5/12/2024,11:35:40 am,0,Double[12],0,0,0,998,4.999,1736,299,0,62.26,62.62,5.187,0.002
5/12/2024,11:35:41 am,0,Double[12],0,0,0,999,4.999,1737,299.9,0,62.26,62.62,5.187,0.002
5/12/2024,11:35:42 am,0,Double[12],0,0,0,999,4.999,1739,300.7,0,62.26,62.63,5.187,0.002
5/12/2024,11:35:43 am,0,Double[12],0,0,0,999,4.998,1739,302.4,0,62.26,62.63,5.187,0.002
5/12/2024,11:35:44 am,0,Double[12],0,0,0,999,4.999,1744,300.6,0,62.26,62.63,5.187,0.002
5/12/2024,11:35:45 am,0,Double[12],0,0,0,1000,4.999,1744,299.2,0,62.26,62.63,5.187,0.002
5/12/2024,11:35:46 am,0,Double[12],0,0,0,1000,4.999,1739,297.8,0,62.26,62.63,5.185,0.002
5/12/2024,11:35:47 am,0,Double[12],0,0,0,1000,4.999,1741,299.9,0,62.26,62.62,5.187,0.002
5/12/2024,11:35:48 am,0,Double[12],0,0,0,1000,4.999,1744,301.4,0,62.26,62.62,5.185,0.002
5/12/2024,11:35:49 am,0,Double[12],0,0,0,1000,4.999,1748,297.8,0,62.26,62.62,5.185,0.002
5/12/2024,11:35:50 am,0,Double[12],0,0,0,1000,4.999,1748,299.2,0,62.26,62.62,5.187,0.002
5/12/2024,11:35:51 am,0,Double[12],0,0,0,1000,4.999,1748,299,0,62.26,62.62,5.187,0.002
5/12/2024,11:35:52 am,0,Double[12],0,0,0,1000,4.999,1744,299.8,0,62.26,62.62,5.187,0.002
5/12/2024,11:35:53 am,0,Double[12],0,0,0,1000,5.002,1744,299.8,0,62.26,62.62,5.187,0.002
5/12/2024,11:35:54 am,0,Double[12],0,0,0,1000,5.002,1744,299,0,62.26,62.62,5.187,0.002
5/12/2024,11:35:55 am,0,Double[12],0,0,0,1000,5.002,1748,297.1,0,62.26,62.62,5.187,0.002
5/12/2024,11:35:56 am,0,Double[12],0,0,0,1000,5.002,1756,298,0,62.26,62.63,5.187,0.002
5/12/2024,11:35:57 am,0,Double[12],0,0,0,1000,5.002,1756,300.7,0,62.26,62.63,5.19,0.002
5/12/2024,11:35:58 am,0,Double[12],0,0,0,1000,5.002,1753,302.8,0,62.26,62.63,5.19,0.002
5/12/2024,11:35:59 am,0,Double[12],0,0,0,1000,5.002,1753,300.7,0,62.26,62.63,5.19,0.002
5/12/2024,11:36:00 am,0,Double[12],0,0,0,1000,5.002,1753,299.2,0,62.26,62.62,5.19,0.002
5/12/2024,11:36:01 am,0,Double[12],0,0,0,1000,5.002,1749,302.6,0,62.26,62.62,5.19,0.002
5/12/2024,11:36:02 am,0,Double[12],0,0,0,1000,5.004,1746,302.8,0,62.26,62.62,5.19,0.002
5/12/2024,11:36:03 am,0,Double[12],0,0,0,1000,5.002,1749,301.6,0,62.26,62.62,5.19,0.002
5/12/2024,11:36:04 am,0,Double[12],0,0,0,1000,5.002,1746,298.6,0,62.26,62.63,5.187,0.002
5/12/2024,11:36:05 am,0,Double[12],0,0,0,1000,5.002,1746,299.4,0,62.26,62.62,5.187,0.002
5/12/2024,11:36:06 am,0,Double[12],0,0,0,1000,5.002,1751,299.8,0,62.26,62.62,5.185,0.002
5/12/2024,11:36:07 am,0,Double[12],0,0,0,1000,5.002,1749,301,0,62.26,62.62,5.187,0.002
5/12/2024,11:36:08 am,0,Double[12],0,0,0,1000,4.999,1741,301.6,0,62.26,62.62,5.187,0.002
5/12/2024,11:36:09 am,0,Double[12],0,0,0,1000,5.002,1736,300.4,0,62.26,62.62,5.187,0.002
5/12/2024,11:36:10 am,0,Double[12],0,0,0,1000,5.002,1722,299.5,0,62.26,62.62,5.187,0.002
5/12/2024,11:36:11 am,0,Double[12],0,0,0,1000,5.002,1720,301,0,62.26,62.62,5.187,0.002
5/12/2024,11:36:12 am,0,Double[12],0,0,0,1000,5.002,1722,301.6,0,62.26,62.63,5.187,0.002
5/12/2024,11:36:13 am,0,Double[12],0,0,0,1000,5.002,1718,301,0,62.26,62.62,5.187,0.002
5/12/2024,11:36:14 am,0,Double[12],0,0,0,1000,5.002,1715,299.8,0,62.26,62.62,5.187,0.002
5/12/2024,11:36:15 am,0,Double[12],0,0,0,1000,5.002,1713,298.7,0,62.26,62.62,5.187,0.002
5/12/2024,11:36:16 am,0,Double[12],0,0,0,1000,5.002,1722,302.2,0,62.26,62.62,5.187,0.002
5/12/2024,11:36:17 am,0,Double[12],0,0,0,1000,5.002,1724,303,0,62.26,62.62,5.19,0.002
5/12/2024,11:36:18 am,0,Double[12],0,0,0,1000,5.002,1724,303,0,62.26,62.62,5.19,0.002
5/12/2024,11:36:19 am,0,Double[12],0,0,0,1000,5.002,1722,301.8,0,62.26,62.62,5.19,0.002
5/12/2024,11:36:20 am,0,Double[12],0,0,0,1000,5.002,1718,300.6,0,62.26,62.62,5.187,0.002
5/12/2024,11:36:21 am,0,Double[12],0,0,0,1000,5.002,1717,301.8,0,62.26,62.63,5.187,0.002
5/12/2024,11:36:22 am,0,Double[12],0,0,0,1001,4.999,1724,301.6,0,62.26,62.63,5.187,0.002
5/12/2024,11:36:23 am,0,Double[12],0,0,0,1001,4.999,1727,298.7,0,62.26,62.62,5.187,0.002
5/12/2024,11:36:24 am,0,Double[12],0,0,0,1001,4.999,1734,298.7,0,62.26,62.62,5.187,0.002
5/12/2024,11:36:25 am,0,Double[12],0,0,0,1001,4.999,1737,300.4,0,62.26,62.62,5.187,0.002
5/12/2024,11:36:26 am,0,Double[12],0,0,0,1000,4.999,1734,302.2,0,62.26,62.62,5.187,0.002
5/12/2024,11:36:27 am,0,Double[12],0,0,0,1000,4.999,1736,300.4,0,62.26,62.62,5.187,0.002
5/12/2024,11:36:28 am,0,Double[12],0,0,0,1000,4.999,1741,298.6,0,62.26,62.62,5.187,0.002
5/12/2024,11:36:29 am,0,Double[12],0,0,0,1000,4.999,1744,298,0,62.26,62.62,5.187,0.002
5/12/2024,11:36:30 am,0,Double[12],0,0,0,1000,4.998,1742,300.2,0,62.26,62.62,5.185,0.002
5/12/2024,11:36:31 am,0,Double[12],0,0,0,1000,4.998,1746,301.8,0,62.26,62.62,5.187,0.002
5/12/2024,11:36:32 am,0,Double[12],0,0,0,1000,4.999,1749,301.1,0,62.26,62.62,5.185,0.002
5/12/2024,11:36:33 am,0,Double[12],0,0,0,1000,4.999,1749,300.7,0,62.26,62.62,5.187,0.002
5/12/2024,11:36:34 am,0,Double[12],0,0,0,1000,4.999,1748,301,0,62.26,62.62,5.187,0.002
5/12/2024,11:36:35 am,0,Double[12],0,0,0,1000,4.999,1749,301,0,62.26,62.62,5.19,0.002
5/12/2024,11:36:36 am,0,Double[12],0,0,0,1000,4.999,1749,301.6,0,62.26,62.62,5.187,0.002
5/12/2024,11:36:37 am,0,Double[12],0,0,0,1000,4.999,1748,300.4,0,62.26,62.62,5.187,0.002
5/12/2024,11:36:38 am,0,Double[12],0,0,0,1000,4.999,1746,299.4,0,62.26,62.62,5.187,0.002
5/12/2024,11:36:39 am,0,Double[12],0,0,0,1000,4.999,1746,299,0,62.26,62.62,5.187,0.002
5/12/2024,11:36:40 am,0,Double[12],0,0,0,1000,4.999,1744,302.2,0,62.26,62.62,5.187,0.002
5/12/2024,11:36:41 am,0,Double[12],0,0,0,1000,4.999,1742,302.2,0,62.26,62.62,5.187,0.002
5/12/2024,11:36:42 am,0,Double[12],0,0,0,1000,5.002,1741,299.9,0,62.26,62.62,5.19,0.002
5/12/2024,11:36:43 am,0,Double[12],0,0,0,1000,5.002,1739,299.8,0,62.26,62.62,5.187,0.002
5/12/2024,11:36:44 am,0,Double[12],0,0,0,1000,5.002,1739,299.5,0,62.26,62.62,5.187,0.002
5/12/2024,11:36:45 am,0,Double[12],0,0,0,1000,5.002,1736,301.8,0,62.26,62.62,5.187,0.002
5/12/2024,11:36:46 am,0,Double[12],0,0,0,1000,5.002,1732,299.8,0,62.26,62.62,5.187,0.002
5/12/2024,11:36:47 am,0,Double[12],0,0,0,1000,5.002,1739,300.4,0,62.26,62.62,5.187,0.002
5/12/2024,11:36:48 am,0,Double[12],0,0,0,1000,5.002,1739,298.2,0,62.26,62.62,5.187,0.002
5/12/2024,11:36:49 am,0,Double[12],0,0,0,1000,5.002,1741,297.8,0,62.26,62.62,5.187,0.002
5/12/2024,11:36:50 am,0,Double[12],0,0,0,1000,5.002,1737,301.8,0,62.26,62.62,5.187,0.002
5/12/2024,11:36:51 am,0,Double[12],0,0,0,1000,5.002,1739,301.9,0,62.26,62.62,5.187,0.002
5/12/2024,11:36:52 am,0,Double[12],0,0,0,1000,5.002,1744,299.9,0,62.26,62.62,5.187,0.002
5/12/2024,11:36:53 am,0,Double[12],0,0,0,1000,5.002,1742,301.8,0,62.26,62.62,5.187,0.002
5/12/2024,11:36:54 am,0,Double[12],0,0,0,1000,5.002,1742,302.8,0,62.26,62.62,5.187,0.002
5/12/2024,11:36:55 am,0,Double[12],0,0,0,1000,5.002,1749,305.2,0,62.26,62.62,5.187,0.002
5/12/2024,11:36:56 am,0,Double[12],0,0,0,1000,5.002,1749,300.7,0,62.26,62.62,5.187,0.002
5/12/2024,11:36:57 am,0,Double[12],0,0,0,1000,4.999,1753,297.1,0,62.26,62.62,5.187,0.002
5/12/2024,11:36:58 am,0,Double[12],0,0,0,1000,4.999,1754,297,0,62.26,62.62,5.185,0.002
5/12/2024,11:36:59 am,0,Double[12],0,0,0,1000,4.999,1754,300.6,0,62.26,62.62,5.185,0.002
5/12/2024,11:37:00 am,0,Double[12],0,0,0,1000,4.999,1754,299.9,0,62.26,62.62,5.185,0.002
5/12/2024,11:37:01 am,0,Double[12],0,0,0,1000,4.999,1751,299.9,0,62.26,62.62,5.185,0.002
5/12/2024,11:37:02 am,0,Double[12],0,0,0,1000,4.999,1753,299.8,0,62.26,62.62,5.185,0.002
5/12/2024,11:37:03 am,0,Double[12],0,0,0,1000,5.002,1749,300.6,0,62.26,62.62,5.185,0.002
5/12/2024,11:37:04 am,0,Double[12],0,0,0,1000,5.002,1754,299.4,0,62.26,62.62,5.185,0.002
5/12/2024,11:37:05 am,0,Double[12],0,0,0,1000,5.002,1753,300.7,0,62.26,62.62,5.187,0.002
5/12/2024,11:37:06 am,0,Double[12],0,0,0,1000,4.999,1749,299.9,0,62.26,62.62,5.185,0.002
5/12/2024,11:37:07 am,0,Double[12],0,0,0,1000,5.002,1751,297,0,62.26,62.62,5.185,0.002
5/12/2024,11:37:08 am,0,Double[12],0,0,0,1000,5.002,1753,299,0,62.26,62.62,5.185,0.002
5/12/2024,11:37:09 am,0,Double[12],0,0,0,1000,5.002,1756,301.4,0,62.26,62.62,5.187,0.002
5/12/2024,11:37:10 am,0,Double[12],0,0,0,1000,5.002,1758,302.6,0,62.26,62.62,5.187,0.002
5/12/2024,11:37:11 am,0,Double[12],0,0,0,1000,5.002,1758,300.4,0,62.26,62.62,5.187,0.002
5/12/2024,11:37:12 am,0,Double[12],0,0,0,1000,5.002,1758,299.2,0,62.26,62.62,5.187,0.002
5/12/2024,11:37:13 am,0,Double[12],0,0,0,1000,5.002,1760,299,0,62.26,62.62,5.187,0.002
5/12/2024,11:37:14 am,0,Double[12],0,0,0,1000,5.002,1761,302.2,0,62.26,62.62,5.187,0.002
5/12/2024,11:37:15 am,0,Double[12],0,0,0,1000,5.002,1763,301.6,0,62.26,62.62,5.187,0.002
5/12/2024,11:37:16 am,0,Double[12],0,0,0,1000,5.002,1758,300.7,0,62.26,62.62,5.187,0.002
5/12/2024,11:37:17 am,0,Double[12],0,0,0,1000,5.002,1758,300.2,0,62.26,62.62,5.187,0.002
5/12/2024,11:37:18 am,0,Double[12],0,0,0,1000,5.002,1758,299.8,0,62.26,62.62,5.187,0.002
5/12/2024,11:37:19 am,0,Double[12],0,0,0,1000,5.002,1758,301.1,0,62.26,62.62,5.187,0.002
5/12/2024,11:37:20 am,0,Double[12],0,0,0,1000,5.002,1760,299.5,0,62.26,62.62,5.187,0.002
5/12/2024,11:37:21 am,0,Double[12],0,0,0,1000,5.002,1763,298.3,0,62.26,62.62,5.187,0.002
5/12/2024,11:37:22 am,0,Double[12],0,0,0,1000,5.002,1763,297.5,0,62.26,62.62,5.187,0.002
5/12/2024,11:37:23 am,0,Double[12],0,0,0,1000,5.002,1760,301,0,62.26,62.62,5.187,0.002
5/12/2024,11:37:24 am,0,Double[12],0,0,0,1000,4.999,1756,301.8,0,62.26,62.62,5.187,0.002
5/12/2024,11:37:25 am,0,Double[12],0,0,0,1000,5.002,1754,301.6,0,62.26,62.62,5.185,0.002
5/12/2024,11:37:26 am,0,Double[12],0,0,0,1000,4.999,1754,299.8,0,62.26,62.62,5.185,0.002
5/12/2024,11:37:27 am,0,Double[12],0,0,0,1000,4.999,1751,299.9,0,62.26,62.62,5.185,0.002
5/12/2024,11:37:28 am,0,Double[12],0,0,0,1000,4.999,1749,302.2,0,62.26,62.62,5.185,0.002
5/12/2024,11:37:29 am,0,Double[12],0,0,0,1000,4.999,1749,302.2,0,62.26,62.62,5.185,0.002
5/12/2024,11:37:30 am,0,Double[12],0,0,0,1000,4.999,1749,299.5,0,62.26,62.62,5.185,0.002
5/12/2024,11:37:31 am,0,Double[12],0,0,0,1000,4.999,1749,299.2,0,62.26,62.62,5.185,0.002
5/12/2024,11:37:32 am,0,Double[12],0,0,0,1000,4.999,1754,299.9,0,62.26,62.62,5.185,0.002
5/12/2024,11:37:33 am,0,Double[12],0,0,0,1000,4.999,1756,300.4,0,62.26,62.62,5.185,0.002
5/12/2024,11:37:34 am,0,Double[12],0,0,0,1000,4.999,1754,299.5,0,62.26,62.62,5.185,0.002
5/12/2024,11:37:35 am,0,Double[12],0,0,0,1000,4.999,1758,300.6,0,62.26,62.62,5.185,0.002
5/12/2024,11:37:36 am,0,Double[12],0,0,0,1000,4.999,1754,299.9,0,62.26,62.62,5.185,0.002
5/12/2024,11:37:37 am,0,Double[12],0,0,0,1000,4.999,1754,300.2,0,62.26,62.62,5.185,0.002
5/12/2024,11:37:38 am,0,Double[12],0,0,0,1000,4.999,1749,302.8,0,62.26,62.62,5.185,0.002
5/12/2024,11:37:39 am,0,Double[12],0,0,0,1000,4.999,1749,300.2,0,62.26,62.62,5.185,0.002
5/12/2024,11:37:40 am,0,Double[12],0,0,0,1000,4.999,1754,298.7,0,62.26,62.62,5.185,0.002
5/12/2024,11:37:41 am,0,Double[12],0,0,0,1000,4.999,1753,298.7,0,62.26,62.62,5.185,0.002
5/12/2024,11:37:42 am,0,Double[12],0,0,0,1000,4.999,1754,299.4,0,62.26,62.62,5.185,0.002
5/12/2024,11:37:43 am,0,Double[12],0,0,0,1000,4.999,1749,300.6,0,62.26,62.62,5.185,0.002
5/12/2024,11:37:44 am,0,Double[12],0,0,0,1000,4.999,1749,299.9,0,62.26,62.62,5.185,0.002
5/12/2024,11:37:45 am,0,Double[12],0,0,0,1000,4.999,1749,298.7,0,62.26,62.62,5.185,0.002
5/12/2024,11:37:46 am,0,Double[12],0,0,0,1000,4.999,1749,298.7,0,62.26,62.62,5.185,0.002
5/12/2024,11:37:47 am,0,Double[12],0,0,0,1000,4.999,1749,299.8,0,62.26,62.62,5.185,0.002
5/12/2024,11:37:48 am,0,Double[12],0,0,0,1000,4.999,1749,302.4,0,62.26,62.62,5.185,0.002
5/12/2024,11:37:49 am,0,Double[12],0,0,0,1000,4.999,1749,300.4,0,62.26,62.62,5.185,0.002
5/12/2024,11:37:50 am,0,Double[12],0,0,0,1000,4.999,1749,298.2,0,62.26,62.62,5.182,0.002
5/12/2024,11:37:51 am,0,Double[12],0,0,0,1000,4.999,1749,297.8,0,62.26,62.62,5.185,0.002
5/12/2024,11:37:52 am,0,Double[12],0,0,0,1000,4.999,1749,301.1,0,62.26,62.62,5.185,0.002
5/12/2024,11:37:53 am,0,Double[12],0,0,0,1000,4.999,1756,302.8,0,62.26,62.62,5.187,0.002
5/12/2024,11:37:54 am,0,Double[12],0,0,0,1000,4.999,1756,301.6,0,62.26,62.62,5.187,0.002
5/12/2024,11:37:55 am,0,Double[12],0,0,0,1000,5.002,1765,300.4,0,62.26,62.62,5.187,0.002
5/12/2024,11:37:56 am,0,Double[12],0,0,0,1000,4.999,1767,298.7,0,62.26,62.62,5.187,0.002
5/12/2024,11:37:57 am,0,Double[12],0,0,0,1000,4.999,1767,301.1,0,62.26,62.62,5.187,0.002
5/12/2024,11:37:58 am,0,Double[12],0,0,0,1000,4.999,1758,302.6,0,62.26,62.62,5.187,0.002
5/12/2024,11:37:59 am,0,Double[12],0,0,0,1000,5.002,1756,300.4,0,62.26,62.62,5.187,0.002
5/12/2024,11:38:00 am,0,Double[12],0,0,0,1000,4.999,1758,299.5,0,62.26,62.62,5.187,0.002
5/12/2024,11:38:01 am,0,Double[12],0,0,0,1000,4.999,1758,301,0,62.26,62.62,5.185,0.002
5/12/2024,11:38:02 am,0,Double[12],0,0,0,1000,4.999,1758,302.4,0,62.26,62.62,5.185,0.002
5/12/2024,11:38:03 am,0,Double[12],0,0,0,1000,4.999,1758,299.9,0,62.26,62.62,5.185,0.002
5/12/2024,11:38:04 am,0,Double[12],0,0,0,1000,4.999,1758,298.2,0,62.26,62.62,5.185,0.002
5/12/2024,11:38:05 am,0,Double[12],0,0,0,1000,4.999,1760,299.4,0,62.26,62.62,5.185,0.002
5/12/2024,11:38:06 am,0,Double[12],0,0,0,1000,4.999,1763,300.7,0,62.26,62.62,5.185,0.002
5/12/2024,11:38:07 am,0,Double[12],0,0,0,1000,4.999,1753,300.4,0,62.26,62.62,5.185,0.002
5/12/2024,11:38:08 am,0,Double[12],0,0,0,1000,4.999,1754,301.8,0,62.26,62.62,5.187,0.002
5/12/2024,11:38:09 am,0,Double[12],0,0,0,1000,4.999,1742,301.4,0,62.26,62.62,5.187,0.002
5/12/2024,11:38:10 am,0,Double[12],0,0,0,1000,4.999,1749,298,0,62.26,62.62,5.187,0.002
5/12/2024,11:38:11 am,0,Double[12],0,0,0,1000,4.999,1749,300.6,0,62.26,62.62,5.187,0.002
5/12/2024,11:38:12 am,0,Double[12],0,0,0,1000,4.999,1761,301,0,62.26,62.62,5.187,0.002
5/12/2024,11:38:13 am,0,Double[12],0,0,0,1000,4.999,1763,301.4,0,62.26,62.62,5.187,0.002
5/12/2024,11:38:14 am,0,Double[12],0,0,0,1000,4.999,1760,299.5,0,62.26,62.62,5.187,0.002
5/12/2024,11:38:15 am,0,Double[12],0,0,0,1000,4.999,1758,300.7,0,62.26,62.62,5.187,0.002
5/12/2024,11:38:16 am,0,Double[12],0,0,0,1000,4.999,1758,302.2,0,62.26,62.62,5.187,0.002
5/12/2024,11:38:17 am,0,Double[12],0,0,0,1000,4.999,1754,303.6,0,62.26,62.62,5.187,0.002
5/12/2024,11:38:18 am,0,Double[12],0,0,0,1000,4.999,1753,302.8,0,62.26,62.62,5.187,0.002
5/12/2024,11:38:19 am,0,Double[12],0,0,0,1000,4.999,1753,299.9,0,62.26,62.62,5.185,0.002
5/12/2024,11:38:20 am,0,Double[12],0,0,0,1000,4.999,1754,299.2,0,62.26,62.62,5.185,0.002
5/12/2024,11:38:21 am,0,Double[12],0,0,0,1000,4.999,1749,300.4,0,62.26,62.62,5.185,0.002
5/12/2024,11:38:22 am,0,Double[12],0,0,0,1000,4.999,1751,299.5,0,62.26,62.62,5.185,0.002
5/12/2024,11:38:23 am,0,Double[12],0,0,0,1000,4.999,1761,298.3,0,62.26,62.62,5.185,0.002
5/12/2024,11:38:24 am,0,Double[12],0,0,0,1000,4.999,1749,298.3,0,62.26,62.62,5.185,0.002
5/12/2024,11:38:25 am,0,Double[12],0,0,0,1000,4.999,1749,300.6,0,62.26,62.62,5.185,0.002
5/12/2024,11:38:26 am,0,Double[12],0,0,0,1000,4.999,1749,301.6,0,62.26,62.62,5.185,0.002
5/12/2024,11:38:27 am,0,Double[12],0,0,0,1000,4.999,1749,298.7,0,62.26,62.62,5.185,0.002
5/12/2024,11:38:28 am,0,Double[12],0,0,0,1000,4.999,1741,299,0,62.26,62.62,5.185,0.002
5/12/2024,11:38:29 am,0,Double[12],0,0,0,1000,4.999,1746,300.2,0,62.26,62.62,5.185,0.002
5/12/2024,11:38:30 am,0,Double[12],0,0,0,1000,4.999,1753,299,0,62.26,62.62,5.185,0.002
5/12/2024,11:38:31 am,0,Double[12],0,0,0,1000,4.999,1756,300.2,0,62.26,62.62,5.185,0.002
5/12/2024,11:38:32 am,0,Double[12],0,0,0,1000,4.999,1756,300.2,0,62.26,62.62,5.185,0.002
5/12/2024,11:38:33 am,0,Double[12],0,0,0,1000,4.999,1758,299,0,62.26,62.62,5.185,0.002
5/12/2024,11:38:34 am,0,Double[12],0,0,0,1000,4.999,1758,299.2,0,62.26,62.62,5.185,0.002
5/12/2024,11:38:35 am,0,Double[12],0,0,0,1000,4.999,1763,300.4,0,62.26,62.62,5.185,0.002
5/12/2024,11:38:36 am,0,Double[12],0,0,0,1000,4.999,1763,301,0,62.26,62.62,5.185,0.002
5/12/2024,11:38:37 am,0,Double[12],0,0,0,1000,4.999,1758,299.9,0,62.26,62.62,5.185,0.002
5/12/2024,11:38:38 am,0,Double[12],0,0,0,1000,4.999,1761,299.2,0,62.26,62.62,5.185,0.002
5/12/2024,11:38:39 am,0,Double[12],0,0,0,1000,4.999,1765,299.5,0,62.26,62.62,5.185,0.002
5/12/2024,11:38:40 am,0,Double[12],0,0,0,1000,4.999,1760,302.6,0,62.26,62.62,5.185,0.002
5/12/2024,11:38:41 am,0,Double[12],0,0,0,1000,4.999,1756,301,0,62.26,62.62,5.185,0.002
5/12/2024,11:38:42 am,0,Double[12],0,0,0,1000,4.999,1763,299.8,0,62.26,62.62,5.185,0.002
5/12/2024,11:38:43 am,0,Double[12],0,0,0,1000,4.999,1754,299.5,0,62.26,62.62,5.182,0.002
5/12/2024,11:38:44 am,0,Double[12],0,0,0,1000,4.998,1749,300.2,0,62.26,62.62,5.185,0.002
5/12/2024,11:38:45 am,0,Double[12],0,0,0,1000,4.998,1754,299.8,0,62.26,62.62,5.185,0.002
5/12/2024,11:38:46 am,0,Double[12],0,0,0,1000,4.998,1749,299.8,0,62.26,62.62,5.182,0.002
5/12/2024,11:38:47 am,0,Double[12],0,0,0,1000,4.998,1746,299,0,62.26,62.62,5.182,0.002
5/12/2024,11:38:48 am,0,Double[12],0,0,0,1000,4.998,1749,298.7,0,62.26,62.62,5.182,0.002
5/12/2024,11:38:49 am,0,Double[12],0,0,0,1000,4.998,1748,298.2,0,62.26,62.62,5.182,0.002
5/12/2024,11:38:50 am,0,Double[12],0,0,0,1000,4.998,1741,299.9,0,62.26,62.62,5.182,0.002
5/12/2024,11:38:51 am,0,Double[12],0,0,0,1000,4.998,1741,299.9,0,62.26,62.62,5.182,0.002
5/12/2024,11:38:52 am,0,Double[12],0,0,0,1000,4.998,1746,298.3,0,62.26,62.62,5.182,0.002
5/12/2024,11:38:53 am,0,Double[12],0,0,0,1000,4.998,1742,300.7,0,62.26,62.62,5.182,0.002
5/12/2024,11:38:54 am,0,Double[12],0,0,0,1000,4.998,1753,299.8,0,62.26,62.62,5.182,0.002
5/12/2024,11:38:55 am,0,Double[12],0,0,0,1000,4.998,1756,300.6,0,62.26,62.62,5.185,0.002
5/12/2024,11:38:56 am,0,Double[12],0,0,0,1000,4.998,1758,299.9,0,62.26,62.62,5.185,0.002
5/12/2024,11:38:57 am,0,Double[12],0,0,0,1000,4.998,1754,301,0,62.26,62.62,5.185,0.002
5/12/2024,11:38:58 am,0,Double[12],0,0,0,1000,4.998,1751,299.4,0,62.26,62.62,5.185,0.002
5/12/2024,11:38:59 am,0,Double[12],0,0,0,1000,4.998,1749,300.4,0,62.26,62.62,5.185,0.002
5/12/2024,11:39:00 am,0,Double[12],0,0,0,1000,4.998,1753,301.8,0,62.26,62.62,5.185,0.002
5/12/2024,11:39:01 am,0,Double[12],0,0,0,1000,4.998,1754,301.4,0,62.26,62.62,5.185,0.002
5/12/2024,11:39:02 am,0,Double[12],0,0,0,1000,4.998,1754,298.7,0,62.26,62.62,5.185,0.002
5/12/2024,11:39:03 am,0,Double[12],0,0,0,1000,4.998,1754,298.6,0,62.26,62.62,5.185,0.002
5/12/2024,11:39:04 am,0,Double[12],0,0,0,1000,4.998,1756,300.6,0,62.26,62.62,5.182,0.002
5/12/2024,11:39:05 am,0,Double[12],0,0,0,1000,4.998,1758,299.5,0,62.26,62.62,5.182,0.002
5/12/2024,11:39:06 am,0,Double[12],0,0,0,1000,4.998,1754,298.6,0,62.26,62.62,5.182,0.002
5/12/2024,11:39:07 am,0,Double[12],0,0,0,1000,4.998,1758,299.9,0,62.26,62.62,5.182,0.002
5/12/2024,11:39:08 am,0,Double[12],0,0,0,1000,4.998,1756,301.4,0,62.26,62.62,5.182,0.002
5/12/2024,11:39:09 am,0,Double[12],0,0,0,1000,4.995,1754,301.1,0,62.26,62.62,5.182,0.002
5/12/2024,11:39:10 am,0,Double[12],0,0,0,1000,4.995,1758,299.9,0,62.26,62.62,5.182,0.002
5/12/2024,11:39:11 am,0,Double[12],0,0,0,1000,4.995,1763,299,0,62.26,62.62,5.182,0.002
5/12/2024,11:39:12 am,0,Double[12],0,0,0,1000,4.995,1767,299.2,0,62.26,62.62,5.182,0.002
5/12/2024,11:39:13 am,0,Double[12],0,0,0,1000,4.995,1767,300.6,0,62.26,62.62,5.182,0.002
5/12/2024,11:39:14 am,0,Double[12],0,0,0,1000,4.995,1767,301.6,0,62.26,62.62,5.18,0.002
5/12/2024,11:39:15 am,0,Double[12],0,0,0,1000,4.995,1760,299.2,0,62.26,62.62,5.182,0.002
5/12/2024,11:39:16 am,0,Double[12],0,0,0,1000,4.995,1758,298.2,0,62.26,62.62,5.182,0.002
5/12/2024,11:39:17 am,0,Double[12],0,0,0,1000,4.995,1758,299.5,0,62.26,62.62,5.182,0.002
5/12/2024,11:39:18 am,0,Double[12],0,0,0,1000,4.998,1758,302.8,0,62.26,62.62,5.182,0.002
5/12/2024,11:39:19 am,0,Double[12],0,0,0,1000,4.998,1761,303.4,0,62.26,62.62,5.182,0.002
5/12/2024,11:39:20 am,0,Double[12],0,0,0,1000,4.998,1763,299.9,0,62.26,62.62,5.182,0.002
5/12/2024,11:39:21 am,0,Double[12],0,0,0,1000,4.998,1765,301.4,0,62.26,62.62,5.185,0.002
5/12/2024,11:39:22 am,0,Double[12],0,0,0,1000,4.998,1767,299,0,62.26,62.62,5.182,0.002
5/12/2024,11:39:23 am,0,Double[12],0,0,0,1000,4.998,1767,299.5,0,62.26,62.62,5.182,0.002
5/12/2024,11:39:24 am,0,Double[12],0,0,0,1000,4.998,1765,298.3,0,62.26,62.62,5.182,0.002
5/12/2024,11:39:25 am,0,Double[12],0,0,0,1000,4.998,1767,298.2,0,62.26,62.62,5.182,0.002
5/12/2024,11:39:26 am,0,Double[12],0,0,0,1000,4.998,1767,297.8,0,62.26,62.62,5.182,0.002
5/12/2024,11:39:27 am,0,Double[12],0,0,0,1000,4.998,1775,299.2,0,62.26,62.62,5.182,0.002
5/12/2024,11:39:28 am,0,Double[12],0,0,0,1000,4.998,1777,298.6,0,62.26,62.62,5.182,0.002
5/12/2024,11:39:29 am,0,Double[12],0,0,0,1000,4.998,1775,298,0,62.26,62.61,5.182,0.002
5/12/2024,11:39:30 am,0,Double[12],0,0,0,1000,4.998,1780,298.6,0,62.26,62.61,5.182,0.002
5/12/2024,11:39:31 am,0,Double[12],0,0,0,1000,4.995,1777,299.4,0,62.26,62.61,5.182,0.002
5/12/2024,11:39:32 am,0,Double[12],0,0,0,1000,4.995,1779,300.4,0,62.26,62.62,5.182,0.002
5/12/2024,11:39:33 am,0,Double[12],0,0,0,1000,4.995,1772,298.2,0,62.26,62.62,5.182,0.002
5/12/2024,11:39:34 am,0,Double[12],0,0,0,1000,4.998,1772,298,0,62.26,62.62,5.18,0.002
5/12/2024,11:39:35 am,0,Double[12],0,0,0,1000,4.998,1767,298.2,0,62.26,62.62,5.182,0.002
5/12/2024,11:39:36 am,0,Double[12],0,0,0,1000,4.998,1767,298.2,0,62.26,62.62,5.182,0.002
5/12/2024,11:39:37 am,0,Double[12],0,0,0,1000,4.998,1767,301,0,62.26,62.62,5.182,0.002
5/12/2024,11:39:38 am,0,Double[12],0,0,0,1000,4.998,1770,298.7,0,62.26,62.62,5.182,0.002
5/12/2024,11:39:39 am,0,Double[12],0,0,0,1000,4.998,1772,296.2,0,62.26,62.62,5.182,0.002
5/12/2024,11:39:40 am,0,Double[12],0,0,0,1000,4.998,1767,298,0,62.26,62.62,5.182,0.002
5/12/2024,11:39:41 am,0,Double[12],0,0,0,1000,4.998,1758,298.3,0,62.26,62.62,5.182,0.002
5/12/2024,11:39:42 am,0,Double[12],0,0,0,1000,4.998,1760,299.5,0,62.26,62.62,5.182,0.002
5/12/2024,11:39:43 am,0,Double[12],0,0,0,1000,4.999,1767,297.5,0,62.26,62.62,5.182,0.002
5/12/2024,11:39:44 am,0,Double[12],0,0,0,1000,4.999,1767,297.5,0,62.26,62.62,5.182,0.002
5/12/2024,11:39:45 am,0,Double[12],0,0,0,1000,4.999,1770,297.4,0,62.26,62.62,5.185,0.002
5/12/2024,11:39:46 am,0,Double[12],0,0,0,1000,4.999,1767,297.4,0,62.26,62.62,5.182,0.002
5/12/2024,11:39:47 am,0,Double[12],0,0,0,1000,4.999,1772,298,0,62.26,62.62,5.185,0.002
5/12/2024,11:39:48 am,0,Double[12],0,0,0,1000,4.999,1763,299.2,0,62.26,62.62,5.182,0.002
5/12/2024,11:39:49 am,0,Double[12],0,0,0,1000,4.999,1767,297.4,0,62.26,62.62,5.185,0.002
5/12/2024,11:39:50 am,0,Double[12],0,0,0,1000,4.999,1767,299.2,0,62.26,62.62,5.182,0.002
5/12/2024,11:39:51 am,0,Double[12],0,0,0,1000,4.999,1770,299.5,0,62.26,62.62,5.182,0.002
5/12/2024,11:39:52 am,0,Double[12],0,0,0,1000,4.999,1767,298.6,0,62.26,62.61,5.182,0.002
5/12/2024,11:39:53 am,0,Double[12],0,0,0,1000,4.999,1758,296.3,0,62.26,62.61,5.182,0.002
5/12/2024,11:39:54 am,0,Double[12],0,0,0,1000,4.999,1763,296.3,0,62.26,62.61,5.185,0.002
5/12/2024,11:39:55 am,0,Double[12],0,0,0,1000,4.999,1767,299.9,0,62.26,62.62,5.185,0.002
5/12/2024,11:39:56 am,0,Double[12],0,0,0,1000,4.999,1767,301.8,0,62.26,62.62,5.185,0.002
5/12/2024,11:39:57 am,0,Double[12],0,0,0,1000,4.999,1767,300.7,0,62.26,62.62,5.185,0.002
5/12/2024,11:39:58 am,0,Double[12],0,0,0,1000,4.999,1763,300.4,0,62.26,62.62,5.187,0.002
5/12/2024,11:39:59 am,0,Double[12],0,0,0,1000,4.999,1761,300.7,0,62.26,62.62,5.187,0.002
5/12/2024,11:40:00 am,0,Double[12],0,0,0,1000,4.999,1758,301,0,62.26,62.62,5.187,0.002
5/12/2024,11:40:01 am,0,Double[12],0,0,0,1000,4.999,1754,301.8,0,62.26,62.62,5.187,0.002
5/12/2024,11:40:02 am,0,Double[12],0,0,0,1000,4.999,1758,300.2,0,62.26,62.62,5.185,0.002
5/12/2024,11:40:03 am,0,Double[12],0,0,0,1000,4.999,1754,299.5,0,62.26,62.62,5.185,0.002
5/12/2024,11:40:04 am,0,Double[12],0,0,0,1000,4.999,1754,301.6,0,62.26,62.62,5.187,0.002
5/12/2024,11:40:05 am,0,Double[12],0,0,0,1000,4.999,1749,301.1,0,62.26,62.62,5.185,0.002
5/12/2024,11:40:06 am,0,Double[12],0,0,0,1000,4.999,1746,301,0,62.26,62.62,5.185,0.002
5/12/2024,11:40:07 am,0,Double[12],0,0,0,1000,4.998,1753,299.9,0,62.26,62.62,5.185,0.002
5/12/2024,11:40:08 am,0,Double[12],0,0,0,1000,4.998,1749,299.9,0,62.26,62.62,5.185,0.002
5/12/2024,11:40:09 am,0,Double[12],0,0,0,1000,4.998,1744,299.5,0,62.26,62.62,5.185,0.002
5/12/2024,11:40:10 am,0,Double[12],0,0,0,1000,4.998,1737,301.9,0,62.26,62.62,5.185,0.002
5/12/2024,11:40:11 am,0,Double[12],0,0,0,1000,4.998,1741,299.8,0,62.26,62.62,5.185,0.002
5/12/2024,11:40:12 am,0,Double[12],0,0,0,1000,4.998,1741,299.5,0,62.26,62.62,5.185,0.002
5/12/2024,11:40:13 am,0,Double[12],0,0,0,1000,4.995,1742,301.4,0,62.26,62.62,5.185,0.002
5/12/2024,11:40:14 am,0,Double[12],0,0,0,1000,4.998,1744,299.5,0,62.26,62.62,5.182,0.002
5/12/2024,11:40:15 am,0,Double[12],0,0,0,1000,4.995,1753,299.9,0,62.26,62.62,5.182,0.002
5/12/2024,11:40:16 am,0,Double[12],0,0,0,1000,4.995,1751,299.4,0,62.26,62.62,5.182,0.002
5/12/2024,11:40:17 am,0,Double[12],0,0,0,1000,4.995,1751,299.4,0,62.26,62.62,5.182,0.002
5/12/2024,11:40:18 am,0,Double[12],0,0,0,1000,4.998,1749,301.9,0,62.26,62.61,5.182,0.002
5/12/2024,11:40:19 am,0,Double[12],0,0,0,1000,4.998,1749,301,0,62.26,62.61,5.182,0.002
5/12/2024,11:40:20 am,0,Double[12],0,0,0,1000,4.998,1756,299.5,0,62.26,62.61,5.182,0.002
5/12/2024,11:40:21 am,0,Double[12],0,0,0,1000,4.998,1754,299.5,0,62.26,62.61,5.182,0.002
5/12/2024,11:40:22 am,0,Double[12],0,0,0,1000,4.998,1756,297.8,0,62.26,62.61,5.185,0.002
5/12/2024,11:40:23 am,0,Double[12],0,0,0,1000,4.998,1758,301.1,0,62.26,62.62,5.185,0.002
5/12/2024,11:40:24 am,0,Double[12],0,0,0,1000,4.998,1765,300.7,0,62.26,62.61,5.185,0.002
5/12/2024,11:40:25 am,0,Double[12],0,0,0,1000,4.998,1767,300.2,0,62.26,62.61,5.185,0.002
5/12/2024,11:40:26 am,0,Double[12],0,0,0,1000,4.998,1763,298.7,0,62.26,62.61,5.185,0.002
5/12/2024,11:40:27 am,0,Double[12],0,0,0,1000,4.998,1763,299.8,0,62.26,62.61,5.185,0.002
5/12/2024,11:40:28 am,0,Double[12],0,0,0,1000,4.998,1760,300.4,0,62.26,62.61,5.185,0.002
5/12/2024,11:40:29 am,0,Double[12],0,0,0,1000,4.998,1758,299.8,0,62.26,62.61,5.185,0.002
5/12/2024,11:40:30 am,0,Double[12],0,0,0,1000,4.998,1758,299.8,0,62.26,62.61,5.185,0.002
5/12/2024,11:40:31 am,0,Double[12],0,0,0,1000,4.998,1761,299.5,0,62.26,62.61,5.185,0.002
5/12/2024,11:40:32 am,0,Double[12],0,0,0,1000,4.998,1767,301,0,62.26,62.61,5.185,0.002
5/12/2024,11:40:33 am,0,Double[12],0,0,0,1000,4.998,1767,299.9,0,62.26,62.62,5.185,0.002
5/12/2024,11:40:34 am,0,Double[12],0,0,0,1000,4.998,1765,299.2,0,62.26,62.61,5.185,0.002
5/12/2024,11:40:35 am,0,Double[12],0,0,0,1000,4.998,1767,299.2,0,62.26,62.61,5.185,0.002
5/12/2024,11:40:36 am,0,Double[12],0,0,0,1000,4.998,1765,299.5,0,62.26,62.61,5.185,0.002
5/12/2024,11:40:37 am,0,Double[12],0,0,0,1000,4.998,1767,301.6,0,62.26,62.61,5.182,0.002
5/12/2024,11:40:38 am,0,Double[12],0,0,0,1000,4.998,1761,299.8,0,62.26,62.61,5.185,0.002
5/12/2024,11:40:39 am,0,Double[12],0,0,0,1000,4.995,1758,299.5,0,62.26,62.61,5.182,0.002
5/12/2024,11:40:40 am,0,Double[12],0,0,0,1000,4.995,1758,298.2,0,62.26,62.61,5.182,0.002
5/12/2024,11:40:41 am,0,Double[12],0,0,0,1000,4.995,1763,300.2,0,62.26,62.61,5.182,0.002
5/12/2024,11:40:42 am,0,Double[12],0,0,0,1000,4.995,1767,299.4,0,62.26,62.61,5.182,0.002
5/12/2024,11:40:43 am,0,Double[12],0,0,0,1000,4.993,1767,297.5,0,62.26,62.61,5.182,0.002
5/12/2024,11:40:44 am,0,Double[12],0,0,0,1000,4.993,1775,296.3,0,62.26,62.61,5.182,0.002
5/12/2024,11:40:45 am,0,Double[12],0,0,0,1000,4.99,1775,297.5,0,62.26,62.61,5.182,0.002
5/12/2024,11:40:46 am,0,Double[12],0,0,0,1000,4.993,1772,300.7,0,62.26,62.61,5.182,0.002
5/12/2024,11:40:47 am,0,Double[12],0,0,0,1000,4.995,1767,304,0,62.26,62.61,5.185,0.002
5/12/2024,11:40:48 am,0,Double[12],0,0,0,1000,4.998,1770,300.4,0,62.26,62.61,5.187,0.002
5/12/2024,11:40:49 am,0,Double[12],0,0,0,1000,4.999,1772,300.6,0,62.26,62.61,5.19,0.002
5/12/2024,11:40:50 am,0,Double[12],0,0,0,1000,4.999,1770,303,0,62.26,62.61,5.19,0.002
5/12/2024,11:40:51 am,0,Double[12],0,0,0,1000,4.999,1761,302.8,0,62.26,62.61,5.19,0.002
5/12/2024,11:40:52 am,0,Double[12],0,0,0,1000,4.999,1763,301.8,0,62.26,62.61,5.19,0.002
5/12/2024,11:40:53 am,0,Double[12],0,0,0,1000,4.999,1760,298.3,0,62.26,62.61,5.19,0.002
5/12/2024,11:40:54 am,0,Double[12],0,0,0,1000,4.999,1758,296.8,0,62.26,62.61,5.19,0.002
5/12/2024,11:40:55 am,0,Double[12],0,0,0,1000,5.002,1758,297.8,0,62.26,62.61,5.187,0.002
5/12/2024,11:40:56 am,0,Double[12],0,0,0,1000,5.002,1761,298,0,62.26,62.61,5.19,0.002
5/12/2024,11:40:57 am,0,Double[12],0,0,0,1000,4.999,1761,298.2,0,62.26,62.61,5.19,0.002
5/12/2024,11:40:58 am,0,Double[12],0,0,0,1000,4.999,1758,298,0,62.26,62.61,5.19,0.002
5/12/2024,11:40:59 am,0,Double[12],0,0,0,1000,4.999,1760,298.7,0,62.26,62.62,5.19,0.002
5/12/2024,11:41:00 am,0,Double[12],0,0,0,1000,4.999,1761,299.5,0,62.26,62.62,5.19,0.002
5/12/2024,11:41:01 am,0,Double[12],0,0,0,1000,4.999,1765,299.9,0,62.26,62.62,5.187,0.002
5/12/2024,11:41:02 am,0,Double[12],0,0,0,1000,4.999,1767,296.2,0,62.26,62.62,5.187,0.002
5/12/2024,11:41:03 am,0,Double[12],0,0,0,1000,4.999,1767,297,0,62.26,62.61,5.187,0.002
5/12/2024,11:41:04 am,0,Double[12],0,0,0,1000,4.999,1772,299.2,0,62.26,62.61,5.187,0.002
5/12/2024,11:41:05 am,0,Double[12],0,0,0,1000,4.999,1777,302.8,0,62.26,62.61,5.19,0.002
5/12/2024,11:41:06 am,0,Double[12],0,0,0,1000,4.999,1779,301.1,0,62.26,62.61,5.187,0.002
5/12/2024,11:41:07 am,0,Double[12],0,0,0,1000,4.999,1785,299.4,0,62.26,62.61,5.187,0.002
5/12/2024,11:41:08 am,0,Double[12],0,0,0,1000,4.999,1789,299.2,0,62.26,62.61,5.187,0.002
5/12/2024,11:41:09 am,0,Double[12],0,0,0,1000,4.999,1789,300.6,0,62.26,62.61,5.187,0.002
5/12/2024,11:41:10 am,0,Double[12],0,0,0,1000,4.999,1784,300.6,0,62.26,62.61,5.187,0.002
5/12/2024,11:41:11 am,0,Double[12],0,0,0,1000,4.998,1780,299.5,0,62.26,62.61,5.187,0.002
5/12/2024,11:41:12 am,0,Double[12],0,0,0,1000,4.999,1775,298.6,0,62.26,62.61,5.187,0.002
5/12/2024,11:41:13 am,0,Double[12],0,0,0,1000,4.998,1770,300.7,0,62.26,62.61,5.187,0.002
5/12/2024,11:41:14 am,0,Double[12],0,0,0,1000,4.999,1775,300.6,0,62.26,62.61,5.19,0.002
5/12/2024,11:41:15 am,0,Double[12],0,0,0,1000,4.999,1767,299.8,0,62.26,62.62,5.187,0.002
5/12/2024,11:41:16 am,0,Double[12],0,0,0,1000,4.999,1767,298.6,0,62.26,62.61,5.19,0.002
5/12/2024,11:41:17 am,0,Double[12],0,0,0,1000,4.999,1763,299,0,62.26,62.61,5.19,0.002
5/12/2024,11:41:18 am,0,Double[12],0,0,0,1000,4.999,1758,301.4,0,62.26,62.61,5.19,0.002
5/12/2024,11:41:19 am,0,Double[12],0,0,0,1000,4.999,1760,301.4,0,62.26,62.61,5.19,0.002
5/12/2024,11:41:20 am,0,Double[12],0,0,0,1000,4.999,1760,298.6,0,62.26,62.61,5.19,0.002
5/12/2024,11:41:21 am,0,Double[12],0,0,0,1000,4.999,1756,298.2,0,62.26,62.61,5.19,0.002
5/12/2024,11:41:22 am,0,Double[12],0,0,0,1000,4.999,1758,300.4,0,62.26,62.61,5.19,0.002
5/12/2024,11:41:23 am,0,Double[12],0,0,0,1000,4.999,1749,301.4,0,62.26,62.61,5.19,0.002
5/12/2024,11:41:24 am,0,Double[12],0,0,0,1000,4.999,1749,298.7,0,62.26,62.61,5.19,0.002
5/12/2024,11:41:25 am,0,Double[12],0,0,0,1000,4.999,1754,297.4,0,62.26,62.61,5.187,0.002
5/12/2024,11:41:26 am,0,Double[12],0,0,0,1000,4.999,1763,298.6,0,62.26,62.61,5.19,0.002
5/12/2024,11:41:27 am,0,Double[12],0,0,0,1000,4.999,1763,300.2,0,62.26,62.61,5.187,0.002
5/12/2024,11:41:28 am,0,Double[12],0,0,0,1000,4.999,1758,299,0,62.26,62.61,5.187,0.002
5/12/2024,11:41:29 am,0,Double[12],0,0,0,1000,4.998,1763,297,0,62.26,62.61,5.187,0.002
5/12/2024,11:41:30 am,0,Double[12],0,0,0,1000,4.998,1763,297.8,0,62.26,62.61,5.187,0.002
5/12/2024,11:41:31 am,0,Double[12],0,0,0,1000,4.999,1758,303.2,0,62.26,62.61,5.187,0.002
5/12/2024,11:41:32 am,0,Double[12],0,0,0,1000,4.999,1758,300.7,0,62.26,62.61,5.19,0.002
5/12/2024,11:41:33 am,0,Double[12],0,0,0,1000,4.999,1758,298.3,0,62.26,62.61,5.187,0.002
5/12/2024,11:41:34 am,0,Double[12],0,0,0,1000,4.998,1754,297.5,0,62.26,62.61,5.187,0.002
5/12/2024,11:41:35 am,0,Double[12],0,0,0,1000,4.998,1763,299.2,0,62.26,62.61,5.187,0.002
5/12/2024,11:41:36 am,0,Double[12],0,0,0,1000,4.998,1767,301.8,0,62.26,62.61,5.19,0.002
5/12/2024,11:41:37 am,0,Double[12],0,0,0,1000,4.998,1763,300.6,0,62.26,62.61,5.19,0.002
5/12/2024,11:41:38 am,0,Double[12],0,0,0,1000,4.998,1763,300.6,0,62.26,62.61,5.187,0.002
5/12/2024,11:41:39 am,0,Double[12],0,0,0,1000,4.998,1760,299.5,0,62.26,62.62,5.187,0.002
5/12/2024,11:41:40 am,0,Double[12],0,0,0,1000,4.998,1758,300.6,0,62.26,62.61,5.187,0.002
5/12/2024,11:41:41 am,0,Double[12],0,0,0,1000,4.998,1758,303,0,62.26,62.61,5.187,0.002
5/12/2024,11:41:42 am,0,Double[12],0,0,0,1000,4.995,1761,301.1,0,62.26,62.61,5.187,0.002
5/12/2024,11:41:43 am,0,Double[12],0,0,0,1000,4.998,1758,299.2,0,62.26,62.61,5.185,0.002
5/12/2024,11:41:44 am,0,Double[12],0,0,0,1000,4.995,1754,298,0,62.26,62.61,5.187,0.002
5/12/2024,11:41:45 am,0,Double[12],0,0,0,1000,4.998,1754,299.2,0,62.26,62.61,5.185,0.002
5/12/2024,11:41:46 am,0,Double[12],0,0,0,1000,4.998,1763,301,0,62.26,62.61,5.187,0.002
5/12/2024,11:41:47 am,0,Double[12],0,0,0,1000,4.998,1760,299.9,0,62.26,62.61,5.187,0.002
5/12/2024,11:41:48 am,0,Double[12],0,0,0,1000,4.998,1763,298.6,0,62.26,62.61,5.187,0.002
5/12/2024,11:41:49 am,0,Double[12],0,0,0,1000,4.998,1758,300.4,0,62.26,62.61,5.187,0.002
5/12/2024,11:41:50 am,0,Double[12],0,0,0,1000,4.998,1758,300.2,0,62.26,62.61,5.187,0.002
5/12/2024,11:41:51 am,0,Double[12],0,0,0,1000,4.998,1758,299.9,0,62.26,62.61,5.187,0.002
5/12/2024,11:41:52 am,0,Double[12],0,0,0,1000,4.998,1758,298.2,0,62.26,62.61,5.187,0.002
5/12/2024,11:41:53 am,0,Double[12],0,0,0,1000,4.998,1761,298.6,0,62.26,62.61,5.187,0.002
5/12/2024,11:41:54 am,0,Double[12],0,0,0,1000,4.998,1767,301.4,0,62.26,62.61,5.187,0.002
5/12/2024,11:41:55 am,0,Double[12],0,0,0,1000,4.998,1767,299.9,0,62.26,62.61,5.187,0.002
5/12/2024,11:41:56 am,0,Double[12],0,0,0,1000,4.998,1767,299.5,0,62.26,62.61,5.187,0.002
5/12/2024,11:41:57 am,0,Double[12],0,0,0,1000,4.998,1767,298.7,0,62.26,62.61,5.187,0.002
5/12/2024,11:41:58 am,0,Double[12],0,0,0,1000,4.998,1772,299.8,0,62.26,62.61,5.187,0.002
5/12/2024,11:41:59 am,0,Double[12],0,0,0,1000,4.998,1773,300.6,0,62.26,62.61,5.187,0.002
5/12/2024,11:42:00 am,0,Double[12],0,0,0,1000,4.998,1768,299.4,0,62.26,62.61,5.187,0.002
5/12/2024,11:42:01 am,0,Double[12],0,0,0,1000,4.998,1772,299.8,0,62.26,62.61,5.187,0.002
5/12/2024,11:42:02 am,0,Double[12],0,0,0,1000,4.998,1772,299.8,0,62.26,62.61,5.187,0.002
5/12/2024,11:42:03 am,0,Double[12],0,0,0,1000,4.998,1772,300.6,0,62.26,62.61,5.187,0.002
5/12/2024,11:42:04 am,0,Double[12],0,0,0,1000,4.995,1772,299.2,0,62.26,62.61,5.187,0.002
5/12/2024,11:42:05 am,0,Double[12],0,0,0,1000,4.998,1775,298.6,0,62.26,62.61,5.185,0.002
5/12/2024,11:42:06 am,0,Double[12],0,0,0,1000,4.995,1775,298.3,0,62.26,62.61,5.185,0.002
5/12/2024,11:42:07 am,0,Double[12],0,0,0,1000,4.998,1775,300.7,0,62.26,62.61,5.187,0.002
5/12/2024,11:42:08 am,0,Double[12],0,0,0,1000,4.998,1773,300.7,0,62.26,62.61,5.185,0.002
5/12/2024,11:42:09 am,0,Double[12],0,0,0,1000,4.998,1773,299.9,0,62.26,62.61,5.185,0.002
5/12/2024,11:42:10 am,0,Double[12],0,0,0,1000,4.998,1775,297.4,0,62.26,62.61,5.187,0.002
5/12/2024,11:42:11 am,0,Double[12],0,0,0,1000,4.998,1773,299,0,62.26,62.61,5.187,0.002
5/12/2024,11:42:12 am,0,Double[12],0,0,0,1000,4.998,1767,299.8,0,62.26,62.61,5.187,0.002
5/12/2024,11:42:13 am,0,Double[12],0,0,0,1000,4.998,1767,298.6,0,62.26,62.61,5.187,0.002
5/12/2024,11:42:14 am,0,Double[12],0,0,0,1000,4.998,1767,298.6,0,62.26,62.61,5.187,0.002
5/12/2024,11:42:15 am,0,Double[12],0,0,0,1000,4.998,1767,298.3,0,62.26,62.61,5.187,0.002
5/12/2024,11:42:16 am,0,Double[12],0,0,0,1000,4.998,1763,300.2,0,62.26,62.61,5.187,0.002
5/12/2024,11:42:17 am,0,Double[12],0,0,0,1000,4.998,1765,301.8,0,62.26,62.61,5.187,0.002
5/12/2024,11:42:18 am,0,Double[12],0,0,0,1000,4.998,1765,299.4,0,62.26,62.61,5.187,0.002
5/12/2024,11:42:19 am,0,Double[12],0,0,0,1000,4.998,1763,298.3,0,62.26,62.61,5.187,0.002
5/12/2024,11:42:20 am,0,Double[12],0,0,0,1000,4.998,1763,299.4,0,62.26,62.61,5.187,0.002
5/12/2024,11:42:21 am,0,Double[12],0,0,0,1000,4.998,1763,301,0,62.26,62.61,5.187,0.002
5/12/2024,11:42:22 am,0,Double[12],0,0,0,1000,4.998,1763,299.8,0,62.26,62.61,5.187,0.002
5/12/2024,11:42:23 am,0,Double[12],0,0,0,1000,4.998,1767,299.9,0,62.26,62.61,5.187,0.002
5/12/2024,11:42:24 am,0,Double[12],0,0,0,1000,4.998,1767,299.9,0,62.26,62.61,5.187,0.002
5/12/2024,11:42:25 am,0,Double[12],0,0,0,1000,4.998,1768,298.6,0,62.26,62.61,5.185,0.002
5/12/2024,11:42:26 am,0,Double[12],0,0,0,1000,4.998,1775,299.5,0,62.26,62.61,5.187,0.002
5/12/2024,11:42:27 am,0,Double[12],0,0,0,1000,4.998,1775,298,0,62.26,62.61,5.187,0.002
5/12/2024,11:42:28 am,0,Double[12],0,0,0,1000,4.995,1775,297.4,0,62.26,62.61,5.185,0.002
5/12/2024,11:42:29 am,0,Double[12],0,0,0,1000,4.998,1780,299.8,0,62.26,62.61,5.185,0.002
5/12/2024,11:42:30 am,0,Double[12],0,0,0,1000,4.995,1779,299.2,0,62.26,62.61,5.185,0.002
5/12/2024,11:42:31 am,0,Double[12],0,0,0,1000,4.995,1777,299,0,62.26,62.61,5.185,0.002
5/12/2024,11:42:32 am,0,Double[12],0,0,0,1000,4.995,1779,296.8,0,62.26,62.61,5.185,0.002
5/12/2024,11:42:33 am,0,Double[12],0,0,0,1000,4.995,1780,298.3,0,62.26,62.61,5.185,0.002
5/12/2024,11:42:34 am,0,Double[12],0,0,0,1000,4.995,1782,301.1,0,62.26,62.61,5.185,0.002
5/12/2024,11:42:35 am,0,Double[12],0,0,0,1000,4.995,1784,299.2,0,62.26,62.61,5.185,0.002
5/12/2024,11:42:36 am,0,Double[12],0,0,0,1000,4.995,1779,298.2,0,62.26,62.61,5.185,0.002
5/12/2024,11:42:37 am,0,Double[12],0,0,0,1000,4.995,1775,298.6,0,62.26,62.61,5.185,0.002
5/12/2024,11:42:38 am,0,Double[12],0,0,0,1000,4.995,1775,298.6,0,62.26,62.61,5.185,0.002
5/12/2024,11:42:39 am,0,Double[12],0,0,0,1000,4.995,1777,300.2,0,62.26,62.61,5.185,0.002
5/12/2024,11:42:40 am,0,Double[12],0,0,0,1000,4.995,1775,299.2,0,62.26,62.61,5.185,0.002
5/12/2024,11:42:41 am,0,Double[12],0,0,0,1000,4.998,1773,300.7,0,62.26,62.61,5.187,0.002
5/12/2024,11:42:42 am,0,Double[12],0,0,0,1000,4.998,1775,303,0,62.26,62.61,5.187,0.002
5/12/2024,11:42:43 am,0,Double[12],0,0,0,1000,4.998,1770,302.8,0,62.26,62.61,5.187,0.002
5/12/2024,11:42:44 am,0,Double[12],0,0,0,1000,4.995,1768,299.8,0,62.26,62.61,5.187,0.002
5/12/2024,11:42:45 am,0,Double[12],0,0,0,1000,4.995,1772,301.1,0,62.26,62.61,5.187,0.002
5/12/2024,11:42:46 am,0,Double[12],0,0,0,1000,4.998,1767,302.2,0,62.26,62.61,5.187,0.002
5/12/2024,11:42:47 am,0,Double[12],0,0,0,1000,4.998,1767,303.2,0,62.26,62.61,5.187,0.002
5/12/2024,11:42:48 am,0,Double[12],0,0,0,1000,4.998,1767,302.6,0,62.26,62.61,5.187,0.002
5/12/2024,11:42:49 am,0,Double[12],0,0,0,1000,4.998,1763,299.8,0,62.26,62.61,5.187,0.002
5/12/2024,11:42:50 am,0,Double[12],0,0,0,1000,4.998,1763,299,0,62.26,62.61,5.187,0.002
5/12/2024,11:42:51 am,0,Double[12],0,0,0,1000,4.998,1760,300.7,0,62.26,62.61,5.187,0.002
5/12/2024,11:42:52 am,0,Double[12],0,0,0,1000,4.998,1758,301.6,0,62.26,62.61,5.187,0.002
5/12/2024,11:42:53 am,0,Double[12],0,0,0,1000,4.998,1760,300.4,0,62.26,62.61,5.187,0.002
5/12/2024,11:42:54 am,0,Double[12],0,0,0,1000,4.998,1760,300.7,0,62.26,62.61,5.187,0.002
5/12/2024,11:42:55 am,0,Double[12],0,0,0,1000,4.998,1758,303.2,0,62.26,62.61,5.187,0.002
5/12/2024,11:42:56 am,0,Double[12],0,0,0,1000,4.998,1754,301.9,0,62.26,62.61,5.187,0.002
5/12/2024,11:42:57 am,0,Double[12],0,0,0,1000,4.998,1758,299.8,0,62.26,62.61,5.187,0.002
5/12/2024,11:42:58 am,0,Double[12],0,0,0,1000,4.998,1758,296.8,0,62.26,62.61,5.187,0.002
5/12/2024,11:42:59 am,0,Double[12],0,0,0,1000,4.995,1756,297.1,0,62.26,62.61,5.187,0.002
5/12/2024,11:43:00 am,0,Double[12],0,0,0,1000,4.998,1758,299.8,0,62.26,62.61,5.187,0.002
5/12/2024,11:43:01 am,0,Double[12],0,0,0,1000,4.995,1758,299.9,0,62.26,62.61,5.187,0.002
5/12/2024,11:43:02 am,0,Double[12],0,0,0,1000,4.995,1758,299.2,0,62.26,62.61,5.185,0.002
5/12/2024,11:43:03 am,0,Double[12],0,0,0,1000,4.998,1749,299.2,0,62.26,62.61,5.187,0.002
5/12/2024,11:43:04 am,0,Double[12],0,0,0,1000,4.995,1754,299.9,0,62.26,62.61,5.187,0.002
5/12/2024,11:43:05 am,0,Double[12],0,0,0,1000,4.998,1756,301.1,0,62.26,62.61,5.187,0.002
5/12/2024,11:43:06 am,0,Double[12],0,0,0,1000,4.998,1754,299.8,0,62.26,62.61,5.187,0.002
5/12/2024,11:43:07 am,0,Double[12],0,0,0,1000,4.998,1754,298.2,0,62.26,62.61,5.187,0.002
5/12/2024,11:43:08 am,0,Double[12],0,0,0,1000,4.998,1753,300.6,0,62.26,62.61,5.187,0.002
5/12/2024,11:43:09 am,0,Double[12],0,0,0,1000,4.995,1751,303.8,0,62.26,62.61,5.187,0.002
5/12/2024,11:43:10 am,0,Double[12],0,0,0,1000,4.995,1749,300.4,0,62.26,62.61,5.187,0.002
5/12/2024,11:43:11 am,0,Double[12],0,0,0,1000,4.995,1751,295.8,0,62.26,62.61,5.185,0.002
5/12/2024,11:43:12 am,0,Double[12],0,0,0,1000,4.995,1756,299.2,0,62.26,62.61,5.187,0.002
5/12/2024,11:43:13 am,0,Double[12],0,0,0,1000,4.995,1758,301,0,62.26,62.61,5.185,0.002
5/12/2024,11:43:14 am,0,Double[12],0,0,0,1000,4.995,1758,299.8,0,62.26,62.61,5.185,0.002
5/12/2024,11:43:15 am,0,Double[12],0,0,0,1000,4.995,1758,298.3,0,62.26,62.61,5.185,0.002
5/12/2024,11:43:16 am,0,Double[12],0,0,0,1000,4.995,1756,299.2,0,62.26,62.61,5.185,0.002
5/12/2024,11:43:17 am,0,Double[12],0,0,0,1000,4.995,1763,300.2,0,62.26,62.61,5.185,0.002
5/12/2024,11:43:18 am,0,Double[12],0,0,0,1000,4.993,1763,300.7,0,62.26,62.61,5.185,0.002
5/12/2024,11:43:19 am,0,Double[12],0,0,0,1000,4.995,1767,300.4,0,62.26,62.61,5.185,0.002
5/12/2024,11:43:20 am,0,Double[12],0,0,0,1000,4.995,1768,300.2,0,62.26,62.61,5.185,0.002
5/12/2024,11:43:21 am,0,Double[12],0,0,0,1000,4.993,1775,300.7,0,62.26,62.61,5.185,0.002
5/12/2024,11:43:22 am,0,Double[12],0,0,0,1000,4.993,1772,302.4,0,62.26,62.61,5.185,0.002
5/12/2024,11:43:23 am,0,Double[12],0,0,0,1000,4.993,1777,301.6,0,62.26,62.61,5.185,0.002
5/12/2024,11:43:24 am,0,Double[12],0,0,0,1000,4.993,1775,299.4,0,62.26,62.61,5.185,0.002
5/12/2024,11:43:25 am,0,Double[12],0,0,0,1000,4.993,1773,301.4,0,62.26,62.61,5.185,0.002
5/12/2024,11:43:26 am,0,Double[12],0,0,0,1000,4.995,1770,301.1,0,62.26,62.61,5.185,0.002
5/12/2024,11:43:27 am,0,Double[12],0,0,0,1000,4.995,1763,300.4,0,62.26,62.61,5.185,0.002
5/12/2024,11:43:28 am,0,Double[12],0,0,0,1000,4.995,1763,298.6,0,62.26,62.61,5.185,0.002
5/12/2024,11:43:29 am,0,Double[12],0,0,0,1000,4.995,1763,300.2,0,62.26,62.61,5.185,0.002
5/12/2024,11:43:30 am,0,Double[12],0,0,0,1000,4.995,1765,300.6,0,62.26,62.61,5.185,0.002
5/12/2024,11:43:31 am,0,Double[12],0,0,0,1000,4.993,1765,299.9,0,62.26,62.61,5.185,0.002
5/12/2024,11:43:32 am,0,Double[12],0,0,0,1000,4.995,1758,300.7,0,62.26,62.61,5.185,0.002
5/12/2024,11:43:33 am,0,Double[12],0,0,0,1000,4.993,1754,299.8,0,62.26,62.61,5.185,0.002
5/12/2024,11:43:34 am,0,Double[12],0,0,0,1000,4.995,1754,299.5,0,62.26,62.61,5.185,0.002
5/12/2024,11:43:35 am,0,Double[12],0,0,0,1000,4.993,1749,299,0,62.26,62.61,5.185,0.002
5/12/2024,11:43:36 am,0,Double[12],0,0,0,1000,4.993,1753,299.8,0,62.26,62.6,5.185,0.002
5/12/2024,11:43:37 am,0,Double[12],0,0,0,1000,4.993,1749,298.7,0,62.26,62.6,5.182,0.002
5/12/2024,11:43:38 am,0,Double[12],0,0,0,1000,4.993,1758,299.9,0,62.26,62.6,5.185,0.002
5/12/2024,11:43:39 am,0,Double[12],0,0,0,1000,4.993,1758,300.6,0,62.26,62.6,5.182,0.002
5/12/2024,11:43:40 am,0,Double[12],0,0,0,1000,4.993,1760,300.2,0,62.26,62.61,5.185,0.002
5/12/2024,11:43:41 am,0,Double[12],0,0,0,1000,4.993,1767,300.2,0,62.26,62.61,5.185,0.002
5/12/2024,11:43:42 am,0,Double[12],0,0,0,1000,4.995,1767,299.4,0,62.26,62.61,5.185,0.002
5/12/2024,11:43:43 am,0,Double[12],0,0,0,1000,4.995,1767,300.6,0,62.26,62.61,5.185,0.002
5/12/2024,11:43:44 am,0,Double[12],0,0,0,1000,4.995,1767,301.1,0,62.26,62.61,5.185,0.002
5/12/2024,11:43:45 am,0,Double[12],0,0,0,1000,4.995,1767,299.2,0,62.26,62.61,5.185,0.002
5/12/2024,11:43:46 am,0,Double[12],0,0,0,1000,4.998,1770,299,0,62.26,62.61,5.187,0.002
5/12/2024,11:43:47 am,0,Double[12],0,0,0,1000,4.995,1775,299.9,0,62.26,62.6,5.187,0.002
5/12/2024,11:43:48 am,0,Double[12],0,0,0,1000,4.995,1775,302.2,0,62.26,62.6,5.187,0.002
5/12/2024,11:43:49 am,0,Double[12],0,0,0,1000,4.995,1775,299.8,0,62.26,62.6,5.185,0.002
5/12/2024,11:43:50 am,0,Double[12],0,0,0,1000,4.995,1775,298.6,0,62.26,62.61,5.185,0.002
5/12/2024,11:43:51 am,0,Double[12],0,0,0,1000,4.995,1777,301.1,0,62.26,62.61,5.185,0.002
5/12/2024,11:43:52 am,0,Double[12],0,0,0,1000,4.995,1775,301.1,0,62.26,62.61,5.185,0.002
5/12/2024,11:43:53 am,0,Double[12],0,0,0,1000,4.995,1773,300.2,0,62.26,62.61,5.185,0.002
5/12/2024,11:43:54 am,0,Double[12],0,0,0,1000,4.995,1772,297.5,0,62.26,62.61,5.185,0.002
5/12/2024,11:43:55 am,0,Double[12],0,0,0,1000,4.998,1773,298,0,62.26,62.61,5.187,0.002
5/12/2024,11:43:56 am,0,Double[12],0,0,0,1000,4.998,1773,299.5,0,62.26,62.61,5.187,0.002
5/12/2024,11:43:57 am,0,Double[12],0,0,0,1000,4.998,1775,298.7,0,62.26,62.61,5.187,0.002
5/12/2024,11:43:58 am,0,Double[12],0,0,0,1000,4.998,1777,298,0,62.26,62.61,5.187,0.002
5/12/2024,11:43:59 am,0,Double[12],0,0,0,1000,4.998,1779,297.4,0,62.26,62.61,5.187,0.002
5/12/2024,11:44:00 am,0,Double[12],0,0,0,1000,4.998,1780,300.4,0,62.26,62.61,5.187,0.002
5/12/2024,11:44:01 am,0,Double[12],0,0,0,1000,4.998,1775,299.9,0,62.26,62.6,5.187,0.002
5/12/2024,11:44:02 am,0,Double[12],0,0,0,1000,4.998,1773,299.9,0,62.26,62.61,5.187,0.002
5/12/2024,11:44:03 am,0,Double[12],0,0,0,1000,4.998,1772,299,0,62.26,62.61,5.187,0.002
5/12/2024,11:44:04 am,0,Double[12],0,0,0,1000,4.998,1772,300.2,0,62.26,62.61,5.187,0.002
5/12/2024,11:44:05 am,0,Double[12],0,0,0,1000,4.998,1767,301.1,0,62.26,62.61,5.19,0.002
5/12/2024,11:44:06 am,0,Double[12],0,0,0,1000,4.998,1772,299.5,0,62.26,62.61,5.187,0.002
5/12/2024,11:44:07 am,0,Double[12],0,0,0,1000,4.998,1775,297.5,0,62.26,62.61,5.187,0.002
5/12/2024,11:44:08 am,0,Double[12],0,0,0,1000,4.995,1772,299,0,62.26,62.61,5.187,0.002
5/12/2024,11:44:09 am,0,Double[12],0,0,0,1000,4.995,1767,300.7,0,62.26,62.61,5.187,0.002
5/12/2024,11:44:10 am,0,Double[12],0,0,0,1000,4.995,1767,299.8,0,62.26,62.61,5.185,0.002
5/12/2024,11:44:11 am,0,Double[12],0,0,0,1000,4.995,1767,299.2,0,62.26,62.61,5.185,0.002
5/12/2024,11:44:12 am,0,Double[12],0,0,0,1000,4.995,1767,298.3,0,62.26,62.61,5.185,0.002
5/12/2024,11:44:13 am,0,Double[12],0,0,0,1000,4.998,1767,298.6,0,62.26,62.61,5.187,0.002
5/12/2024,11:44:14 am,0,Double[12],0,0,0,1000,4.998,1767,300.6,0,62.26,62.61,5.187,0.002
5/12/2024,11:44:15 am,0,Double[12],0,0,0,1000,4.998,1772,299.2,0,62.26,62.61,5.187,0.002
5/12/2024,11:44:16 am,0,Double[12],0,0,0,1000,4.998,1773,298.6,0,62.26,62.6,5.187,0.002
5/12/2024,11:44:17 am,0,Double[12],0,0,0,1000,4.995,1775,299.9,0,62.26,62.6,5.185,0.002
5/12/2024,11:44:18 am,0,Double[12],0,0,0,1000,4.998,1772,299.9,0,62.26,62.6,5.187,0.002
5/12/2024,11:44:19 am,0,Double[12],0,0,0,1000,4.998,1775,299.5,0,62.26,62.61,5.187,0.002
5/12/2024,11:44:20 am,0,Double[12],0,0,0,1000,4.998,1770,299,0,62.26,62.61,5.187,0.002
5/12/2024,11:44:21 am,0,Double[12],0,0,0,1000,4.998,1772,298.7,0,62.26,62.61,5.187,0.002
5/12/2024,11:44:22 am,0,Double[12],0,0,0,1000,4.998,1773,298.2,0,62.26,62.61,5.187,0.002
5/12/2024,11:44:23 am,0,Double[12],0,0,0,1000,4.995,1775,298.6,0,62.26,62.6,5.187,0.002
5/12/2024,11:44:24 am,0,Double[12],0,0,0,1000,4.995,1775,298.7,0,62.26,62.6,5.185,0.002
5/12/2024,11:44:25 am,0,Double[12],0,0,0,1000,4.995,1775,298.7,0,62.26,62.6,5.185,0.002
5/12/2024,11:44:26 am,0,Double[12],0,0,0,1000,4.993,1775,300.7,0,62.26,62.61,5.185,0.002
5/12/2024,11:44:27 am,0,Double[12],0,0,0,1000,4.993,1772,299.8,0,62.26,62.6,5.182,0.002
5/12/2024,11:44:28 am,0,Double[12],0,0,0,1000,4.993,1770,298.3,0,62.26,62.6,5.185,0.002
5/12/2024,11:44:29 am,0,Double[12],0,0,0,1000,4.995,1767,297.8,0,62.26,62.6,5.185,0.002
5/12/2024,11:44:30 am,0,Double[12],0,0,0,1000,4.995,1767,299.5,0,62.26,62.6,5.185,0.002
5/12/2024,11:44:31 am,0,Double[12],0,0,0,1000,4.995,1770,301.1,0,62.26,62.6,5.185,0.002
5/12/2024,11:44:32 am,0,Double[12],0,0,0,1000,4.995,1767,299.5,0,62.26,62.6,5.185,0.002
5/12/2024,11:44:33 am,0,Double[12],0,0,0,1000,4.995,1770,299,0,62.26,62.6,5.185,0.002
5/12/2024,11:44:34 am,0,Double[12],0,0,0,1000,4.995,1772,299.2,0,62.26,62.6,5.185,0.002
5/12/2024,11:44:35 am,0,Double[12],0,0,0,1000,4.995,1770,300.2,0,62.26,62.6,5.187,0.002
5/12/2024,11:44:36 am,0,Double[12],0,0,0,1000,4.995,1763,299,0,62.26,62.6,5.185,0.002
5/12/2024,11:44:37 am,0,Double[12],0,0,0,1000,4.995,1758,298.2,0,62.26,62.61,5.185,0.002
5/12/2024,11:44:38 am,0,Double[12],0,0,0,1000,4.995,1758,299.9,0,62.26,62.61,5.185,0.002
5/12/2024,11:44:39 am,0,Double[12],0,0,0,1000,4.995,1763,300.6,0,62.26,62.6,5.185,0.002
5/12/2024,11:44:40 am,0,Double[12],0,0,0,1000,4.995,1767,300.2,0,62.26,62.6,5.185,0.002
5/12/2024,11:44:41 am,0,Double[12],0,0,0,1000,4.995,1765,299.2,0,62.26,62.61,5.185,0.002
5/12/2024,11:44:42 am,0,Double[12],0,0,0,1000,4.995,1765,298.2,0,62.26,62.61,5.185,0.002
5/12/2024,11:44:43 am,0,Double[12],0,0,0,1000,4.995,1767,301,0,62.26,62.61,5.185,0.002
5/12/2024,11:44:44 am,0,Double[12],0,0,0,1000,4.995,1767,299.5,0,62.26,62.61,5.185,0.002
5/12/2024,11:44:45 am,0,Double[12],0,0,0,1000,4.995,1772,298.7,0,62.26,62.61,5.185,0.002
5/12/2024,11:44:46 am,0,Double[12],0,0,0,1000,4.993,1772,299.8,0,62.26,62.6,5.185,0.002
5/12/2024,11:44:47 am,0,Double[12],0,0,0,1000,4.993,1767,301.8,0,62.26,62.6,5.185,0.002
5/12/2024,11:44:48 am,0,Double[12],0,0,0,1000,4.995,1761,302.4,0,62.26,62.6,5.185,0.002
5/12/2024,11:44:49 am,0,Double[12],0,0,0,1000,4.993,1761,299.2,0,62.26,62.6,5.185,0.002
5/12/2024,11:44:50 am,0,Double[12],0,0,0,1000,4.993,1767,300.2,0,62.26,62.6,5.185,0.002
5/12/2024,11:44:51 am,0,Double[12],0,0,0,1000,4.993,1767,300.4,0,62.26,62.6,5.185,0.002
5/12/2024,11:44:52 am,0,Double[12],0,0,0,1000,4.993,1767,301.6,0,62.26,62.6,5.185,0.002
5/12/2024,11:44:53 am,0,Double[12],0,0,0,1000,4.993,1763,299.2,0,62.26,62.6,5.185,0.002
5/12/2024,11:44:54 am,0,Double[12],0,0,0,1000,4.993,1754,298.7,0,62.26,62.6,5.185,0.002
5/12/2024,11:44:55 am,0,Double[12],0,0,0,1000,4.993,1754,301,0,62.26,62.6,5.185,0.002
5/12/2024,11:44:56 am,0,Double[12],0,0,0,1000,4.993,1751,303.2,0,62.26,62.6,5.185,0.002
5/12/2024,11:44:57 am,0,Double[12],0,0,0,1000,4.993,1749,300.6,0,62.26,62.6,5.182,0.002
5/12/2024,11:44:58 am,0,Double[12],0,0,0,1000,4.99,1746,299,0,62.26,62.6,5.182,0.002
5/12/2024,11:44:59 am,0,Double[12],0,0,0,1000,4.993,1744,300.2,0,62.26,62.6,5.182,0.002
